,tweet_id,source,text,rating_numerator,name,tweet_id ,Dog_state,retweet_count,favorite_count,Month_start,Year_start,jpg_url,p1,p1_conf,p2,p2_conf,p3,p3_conf
0,892177421306343426,http://twitter.com/download/iphone,"This is Tilly. She's just checking pup on you. Hopes you're doing ok. If not, she's available for pats, snugs, boops, the whole bit. 13/10",13,Tilly,892177421306343426,None,6199,32846,Aug,2017,https://pbs.twimg.com/media/DGGmoV4XsAAUL6n.jpg,CHIHUAHUA,0.323581,PEKINESE,0.0906465,PAPILLON,0.0689569
1,891815181378084864,http://twitter.com/download/iphone,This is Archie. He is a rare Norwegian Pouncing Corgo. Lives in the tall grass. You never know when one may strike. 12/10,12,Archie,891815181378084864,None,4101,24743,Jul,2017,https://pbs.twimg.com/media/DGBdLU1WsAANxJ9.jpg,CHIHUAHUA,0.716012,MALAMUTE,0.078253,KELPIE,0.0313789
2,891327558926688256,http://twitter.com/download/iphone,"This is Franklin. He would like you to stop calling him ""cute."" He is a very fierce shark and should be respected as such. 12/10 #BarkWeek",12,Franklin,891327558926688256,None,9265,39842,Jul,2017,https://pbs.twimg.com/media/DF6hr6BUMAAzZgT.jpg,BASSET,0.555712,ENGLISH_SPRINGER,0.22577,GERMAN_SHORT-HAIRED_POINTER,0.175219
3,890609185150312448,http://twitter.com/download/iphone,This is Zoey. She doesn't want to be one of the scary sharks. Just wants to be a snuggly pettable boatpet. 13/10 #BarkWeek,13,Zoey,890609185150312448,None,4217,27504,Jul,2017,https://pbs.twimg.com/media/DFwUU__XcAEpyXI.jpg,IRISH_TERRIER,0.487574,IRISH_SETTER,0.193054,CHESAPEAKE_BAY_RETRIEVER,0.118184
4,890240255349198849,http://twitter.com/download/iphone,This is Cassie. She is a college pup. Studying international doggo communication and stick theory. 14/10 so elegant much sophisticate,14,Cassie,890240255349198849,Doggo,7300,31553,Jul,2017,https://pbs.twimg.com/media/DFrEyVuW0AAO3t9.jpg,PEMBROKE,0.511319,CARDIGAN,0.451038,CHIHUAHUA,0.0292482
5,890006608113172480,http://twitter.com/download/iphone,This is Koda. He is a South Australian deckshark. Deceptively deadly. Frighteningly majestic. 13/10 would risk a petting #BarkWeek,13,Koda,890006608113172480,None,7245,30312,Jul,2017,https://pbs.twimg.com/media/DFnwSY4WAAAMliS.jpg,SAMOYED,0.957979,POMERANIAN,0.0138835,CHOW,0.00816748
6,889638837579907072,http://twitter.com/download/iphone,This is Ted. He does his best. Sometimes that's not enough. But it's ok. 12/10 would assist,12,Ted,889638837579907072,None,4490,26858,Jul,2017,https://pbs.twimg.com/media/DFihzFfXsAYGDPR.jpg,FRENCH_BULLDOG,0.99165,BOXER,0.00212864,STAFFORDSHIRE_BULLTERRIER,0.00149818
7,889531135344209921,http://twitter.com/download/iphone,This is Stuart. He's sporting his favorite fanny pack. Secretly filled with bones only. 13/10 puppared puppo #BarkWeek,13,Stuart,889531135344209921,Puppo,2213,14918,Jul,2017,https://pbs.twimg.com/media/DFg_2PVW0AEHN3p.jpg,GOLDEN_RETRIEVER,0.953442,LABRADOR_RETRIEVER,0.0138341,REDBONE,0.00795775
8,889278841981685760,http://twitter.com/download/iphone,This is Oliver. You're witnessing one of his many brutal attacks. Seems to be playing with his victim. 13/10 fr*ckin frightening #BarkWeek,13,Oliver,889278841981685760,None,5355,25008,Jul,2017,https://pbs.twimg.com/ext_tw_video_thumb/889278779352338437/pu/img/VlbFB3v8H8VwzVNY.jpg,WHIPPET,0.626152,BORZOI,0.194742,SALUKI,0.0273507
9,888917238123831296,http://twitter.com/download/iphone,This is Jim. He found a fren. Taught him how to sit like the good boys. 12/10 for both,12,Jim,888917238123831296,None,4448,28761,Jul,2017,https://pbs.twimg.com/media/DFYRgsOUQAARGhO.jpg,GOLDEN_RETRIEVER,0.714719,TIBETAN_MASTIFF,0.120184,LABRADOR_RETRIEVER,0.105506
10,888804989199671297,http://twitter.com/download/iphone,This is Zeke. He has a new stick. Very proud of it. Would like you to throw it for him without taking it. 13/10 would do my best,13,Zeke,888804989199671297,None,4272,25296,Jul,2017,https://pbs.twimg.com/media/DFWra-3VYAA2piG.jpg,GOLDEN_RETRIEVER,0.46976,LABRADOR_RETRIEVER,0.184172,ENGLISH_SETTER,0.0734817
11,888554962724278272,http://twitter.com/download/iphone,This is Ralphus. He's powering up. Attempting maximum borkdrive. 13/10 inspirational af,13,Ralphus,888554962724278272,None,3531,19654,Jul,2017,https://pbs.twimg.com/media/DFTH_O-UQAACu20.jpg,SIBERIAN_HUSKY,0.700377,ESKIMO_DOG,0.166511,MALAMUTE,0.111411
12,888078434458587136,http://twitter.com/download/iphone,This is Gerald. He was just told he didn't get the job he interviewed for. A h*ckin injustice. 12/10 didn't want the job anyway,12,Gerald,888078434458587136,None,3454,21517,Jul,2017,https://pbs.twimg.com/media/DFMWn56WsAAkA7B.jpg,FRENCH_BULLDOG,0.995026,PUG,0.000931908,BULL_MASTIFF,0.000903211
13,887705289381826560,http://twitter.com/download/iphone,This is Jeffrey. He has a monopoly on the pool noodles. Currently running a 'boop for two' midweek sale. 13/10 h*ckin strategic,13,Jeffrey,887705289381826560,None,5325,29822,Jul,2017,https://pbs.twimg.com/media/DFHDQBbXgAEqY7t.jpg,BASSET,0.821664,REDBONE,0.0875815,WEIMARANER,0.026236400000000003
14,887473957103951883,http://twitter.com/download/iphone,This is Canela. She attempted some fancy porch pics. They were unsuccessful. 13/10 someone help her,13,Canela,887473957103951883,None,17985,68301,Jul,2017,https://pbs.twimg.com/media/DFDw2tyUQAAAFke.jpg,PEMBROKE,0.809197,RHODESIAN_RIDGEBACK,0.05495,BEAGLE,0.0389148
15,886736880519319552,http://twitter.com/download/iphone,"This is Mingus. He's a wonderful father to his smol pup. Confirmed 13/10, but he needs your help

https://t.co/bVi0Yr4Cff",13,Mingus,886736880519319552,None,3250,11910,Jul,2017,https://pbs.twimg.com/media/DE5Se8FXcAAJFx4.jpg,KUVASZ,0.309706,GREAT_PYRENEES,0.186136,DANDIE_DINMONT,0.08634630000000001
16,886366144734445568,http://twitter.com/download/iphone,This is Roscoe. Another pupper fallen victim to spontaneous tongue ejections. Get the BlepiPen immediate. 12/10 deep breaths Roscoe,12,Roscoe,886366144734445568,Pupper,3163,20953,Jul,2017,https://pbs.twimg.com/media/DE0BTnQUwAApKEH.jpg,FRENCH_BULLDOG,0.999201,CHIHUAHUA,0.000361178,BOSTON_BULL,7.55616e-05
17,885984800019947520,http://twitter.com/download/iphone,Viewer discretion advised. This is Jimbo. He will rip ur finger right h*ckin off. Other dog clearly an accessory. 12/10 pls pet with caution,12,Jimbo,885984800019947520,None,6732,32320,Jul,2017,https://pbs.twimg.com/media/DEumeWWV0AA-Z61.jpg,BLENHEIM_SPANIEL,0.972494,SHIH-TZU,0.00663012,BERNESE_MOUNTAIN_DOG,0.00623915
18,885528943205470208,http://twitter.com/download/iphone,This is Maisey. She fell asleep mid-excavation. Happens to the best of us. 13/10 would pat noggin approvingly,13,Maisey,885528943205470208,None,6357,35590,Jul,2017,https://pbs.twimg.com/media/DEoH3yvXgAAzQtS.jpg,PUG,0.369275,LABRADOR_RETRIEVER,0.265835,KUVASZ,0.134697
19,884925521741709313,http://twitter.com/download/iphone,"This is Earl. He found a hat. Nervous about what you think of it. 12/10 it's delightful, Earl",12,Earl,884925521741709313,None,18233,76618,Jul,2017,https://pbs.twimg.com/media/DEfjEaNXkAAtPlj.jpg,ITALIAN_GREYHOUND,0.259916,AMERICAN_STAFFORDSHIRE_TERRIER,0.198451,STAFFORDSHIRE_BULLTERRIER,0.127725
20,884876753390489601,http://twitter.com/download/iphone,This is Lola. It's her first time outside. Must test the earth and taste the atmosphere. 13/10 you're doing great Lola,13,Lola,884876753390489601,None,5725,27609,Jul,2017,https://pbs.twimg.com/media/DEe2tZXXkAAwyX3.jpg,CHOW,0.822103,NORWICH_TERRIER,0.106075,NORFOLK_TERRIER,0.0373485
21,884562892145688576,http://twitter.com/download/iphone,This is Kevin. He's just so happy. 13/10 what is your secret Kevin,13,Kevin,884562892145688576,None,4815,24042,Jul,2017,https://pbs.twimg.com/media/DEaZQkfXUAEC7qB.jpg,PUG,0.5464060000000001,FRENCH_BULLDOG,0.404291,BRABANCON_GRIFFON,0.0440019
22,883838122936631299,http://twitter.com/download/iphone,This is Noah. He can't believe someone made this mess. Got the vacuum out for you though. Offered to help clean pup. 12/10 super good boy,12,Noah,883838122936631299,None,3409,21658,Jul,2017,https://pbs.twimg.com/media/DEQGFgAXUAAEvfi.jpg,DOBERMAN,0.610946,MINIATURE_PINSCHER,0.299603,KELPIE,0.0630203
23,883482846933004288,http://twitter.com/download/iphone,"This is Bella. She hopes her smile made you smile. If not, she is also offering you her favorite monkey. 13.5/10",5,Bella,883482846933004288,None,9855,45432,Jul,2017,https://pbs.twimg.com/media/DELC9dZXUAADqUk.jpg,GOLDEN_RETRIEVER,0.943082,LABRADOR_RETRIEVER,0.032409,KUVASZ,0.00550072
24,882762694511734784,http://twitter.com/download/iphone,This is Gus. He's quite the cheeky pupper. Already perfected the disinterested wink. 12/10 would let steal my girl,12,Gus,882762694511734784,Pupper,4867,27996,Jul,2017,https://pbs.twimg.com/media/DEAz_HHXsAA-p_z.jpg,LABRADOR_RETRIEVER,0.85005,CHESAPEAKE_BAY_RETRIEVER,0.074257,FLAT-COATED_RETRIEVER,0.015579399999999997
25,882627270321602560,http://twitter.com/download/iphone,This is Stanley. He has his first swim lesson today. Doggle straps adjusted. Ready to go. 13/10 Phelps is nervous (IG: stanleythe_corgi),13,Stanley,882627270321602560,None,6021,27601,Jul,2017,https://pbs.twimg.com/media/DD-40X3WAAAJPU5.jpg,PEMBROKE,0.542982,CHIHUAHUA,0.251988,CARDIGAN,0.107699
26,882268110199369728,http://twitter.com/download/iphone,This is Alfy. You're witnessing his first watermelon experience. I think it was a success. 13/10 happy 4th Alfy ðŸ‡ºðŸ‡¸,13,Alfy,882268110199369728,None,11479,44464,Jul,2017,https://pbs.twimg.com/media/DD5yKdPW0AArzX8.jpg,GOLDEN_RETRIEVER,0.762211,LABRADOR_RETRIEVER,0.0989849,COCKER_SPANIEL,0.0171995
27,881666595344535552,http://twitter.com/download/iphone,This is Gary. He couldn't miss this puppertunity for a selfie. Flawless focusing skills. 13/10 would boop intensely,13,Gary,881666595344535552,None,10554,50005,Jul,2017,https://pbs.twimg.com/media/DDxPFwbWAAEbVVR.jpg,SALUKI,0.529012,AFGHAN_HOUND,0.25000300000000003,GOLDEN_RETRIEVER,0.16073900000000002
28,880465832366813184,http://twitter.com/download/iphone,This is Bella. She had her first beach experience this morning. Complete success. 12/10 would perform a sandy boop,12,Bella,880465832366813184,None,6220,28231,Jun,2017,https://pbs.twimg.com/media/DDgK-J4XUAIEV9W.jpg,GOLDEN_RETRIEVER,0.913255,LABRADOR_RETRIEVER,0.0263286,COCKER_SPANIEL,0.00937082
29,879862464715927552,http://twitter.com/download/iphone,This is Romeo. He would like to do an entrance. Requesting your immediate assistance. 13/10,13,Romeo,879862464715927552,None,3466,22098,Jun,2017,https://pbs.twimg.com/media/DDXmPrbWAAEKMvy.jpg,BASSET,0.813507,BEAGLE,0.146654,COCKER_SPANIEL,0.00948502
30,879415818425184262,http://twitter.com/download/iphone,This is Duddles. He did an attempt. 13/10 someone help him (vid by Georgia Felici),13,Duddles,879415818425184262,None,43803,104737,Jun,2017,https://pbs.twimg.com/ext_tw_video_thumb/879415784908390401/pu/img/cX7XI1TnUsseGET5.jpg,ENGLISH_SPRINGER,0.383404,BOSTON_BULL,0.134967,CARDIGAN,0.110481
31,879008229531029506,http://twitter.com/download/iphone,This is Beau. That is Beau's balloon. He takes it everywhere. 13/10 would protect at all costs,13,Beau,879008229531029506,None,2670,18788,Jun,2017,https://pbs.twimg.com/media/DDLdUrqXYAMOVzY.jpg,VIZSLA,0.960513,MINIATURE_PINSCHER,0.00943065,AMERICAN_STAFFORDSHIRE_TERRIER,0.0087113
32,878776093423087618,http://twitter.com/download/iphone,This is Snoopy. He's a proud #PrideMonthPuppo. Impeccable handwriting for not having thumbs. 13/10 would love back #PrideMonth,13,Snoopy,878776093423087618,Puppo,4095,19209,Jun,2017,https://pbs.twimg.com/media/DDIKMXzW0AEibje.jpg,ITALIAN_GREYHOUND,0.734684,WHIPPET,0.15048699999999998,IBIZAN_HOUND,0.0397246
33,878057613040115712,http://twitter.com/download/iphone,This is Emmy. She was adopted today. Massive round of pupplause for Emmy and her new family. 14/10 for all involved,14,Emmy,878057613040115712,None,6772,41599,Jun,2017,https://pbs.twimg.com/media/DC98vABUIAA97pz.jpg,FRENCH_BULLDOG,0.839097,BOSTON_BULL,0.07879939999999999,TOY_TERRIER,0.0152434
34,877736472329191424,http://twitter.com/download/iphone,This is Aja. She was just told she's a good dog. Suspicions confirmed. 13/10 would tell again,13,Aja,877736472329191424,None,18944,79004,Jun,2017,https://pbs.twimg.com/media/DC5YqoQW0AArOLH.jpg,CHESAPEAKE_BAY_RETRIEVER,0.8379559999999999,LABRADOR_RETRIEVER,0.0620342,WEIMARANER,0.0405991
35,877201837425926144,http://twitter.com/download/iphone,This is Nelly. He graduated with his dogtorate today. Wants to know if you're proud of him. 12/10 would give congratulatory boop,12,Nelly,877201837425926144,None,5540,26838,Jun,2017,https://pbs.twimg.com/media/DCxyahJWsAAddSC.jpg,PEMBROKE,0.93112,CARDIGAN,0.0686982,BASENJI,8.17379e-05
36,876838120628539392,http://twitter.com/download/iphone,This is Ginger. She's having a ruff Monday. Too many pupper things going on. H*ckin exhausting. 12/10 would snug passionately,12,Ginger,876838120628539392,Pupper,3325,20462,Jun,2017,https://pbs.twimg.com/media/DCsnnZsVwAEfkyi.jpg,BLOODHOUND,0.575751,REDBONE,0.24097,TIBETAN_MASTIFF,0.08893480000000001
37,876484053909872640,http://twitter.com/download/iphone,This is Benedict. He wants to thank you for this delightful urban walk. Hopes you know he loves you. 13/10 super duper good boy,13,Benedict,876484053909872640,None,2379,18567,Jun,2017,https://pbs.twimg.com/media/DCnll_dUQAAkBdG.jpg,GOLDEN_RETRIEVER,0.874566,IRISH_TERRIER,0.0373542,CHOW,0.016723599999999998
38,875747767867523072,http://twitter.com/download/iphone,"This is Goose. He's a womanizer. Cheeky as h*ck, but also deep. Tongue slip game on another level. 13/10 will steal your girl",13,Goose,875747767867523072,None,4261,24944,Jun,2017,https://pbs.twimg.com/media/DCdH8YpUQAAiEbL.jpg,LABRADOR_RETRIEVER,0.799551,CHESAPEAKE_BAY_RETRIEVER,0.179975,VIZSLA,0.0046176
39,874296783580663808,http://twitter.com/download/iphone,This is Jed. He may be the fanciest pupper in the game right now. Knows it too. 13/10 would sign modeling contract,13,Jed,874296783580663808,Pupper,4090,25829,Jun,2017,https://pbs.twimg.com/media/DCIgSR0XgAANEOY.jpg,COCKER_SPANIEL,0.437216,MINIATURE_POODLE,0.277191,TOY_POODLE,0.157402
40,874012996292530176,http://twitter.com/download/iphone,"This is Sebastian. He can't see all the colors of the rainbow, but he can see that this flag makes his human happy. 13/10 #PrideMonth puppo",13,Sebastian,874012996292530176,Puppo,10389,34327,Jun,2017,https://pbs.twimg.com/media/DCEeLxjXsAAvNSM.jpg,CARDIGAN,0.806674,PEMBROKE,0.116622,KELPIE,0.0491819
41,873213775632977920,http://twitter.com/download/iphone,"This is Sierra. She's one precious pupper. Absolute 12/10. Been in and out of ICU her whole life. Help Sierra below

https://t.co/Xp01EU3qyD",12,Sierra,873213775632977920,Pupper,1585,7183,Jun,2017,https://pbs.twimg.com/media/DB5HTBGXUAE0TiK.jpg,VIZSLA,0.6197819999999999,BLOODHOUND,0.338069,CHESAPEAKE_BAY_RETRIEVER,0.0126763
42,872620804844003328,http://twitter.com/download/iphone,This is Monkey. She's supporting owners everywhere with her fancy #PrideMonth bandana. 13/10 love is love is love...,13,Monkey,872620804844003328,None,3694,20633,Jun,2017,https://pbs.twimg.com/media/DBwr_hzXkAEnZBW.jpg,COCKER_SPANIEL,0.513191,SUSSEX_SPANIEL,0.159088,STANDARD_POODLE,0.149509
43,872261713294495745,http://twitter.com/download/iphone,This is Harry. His ears are activated one at a time. Incredibly rare to witness in person. Very special moment here. 13/10 blessed as h*ck,13,Harry,872261713294495745,None,6323,33981,Jun,2017,https://pbs.twimg.com/media/DBrlZk2UQAAfAkd.jpg,LABRADOR_RETRIEVER,0.972019,FLAT-COATED_RETRIEVER,0.00817828,CHESAPEAKE_BAY_RETRIEVER,0.00735927
44,871762521631449091,http://twitter.com/download/iphone,This is Rover. As part of pupper protocol he had to at least attempt to eat the plant. Confirmed not tasty. Needs peanut butter. 12/10,12,Rover,871762521631449091,Pupper,3481,20167,Jun,2017,https://pbs.twimg.com/media/DBkfY58XcAEdzZy.jpg,LABRADOR_RETRIEVER,0.921393,GOLDEN_RETRIEVER,0.064608,BLOODHOUND,0.00338337
45,870656317836468226,http://twitter.com/download/iphone,"This is Cody. He zoomed too aggressively and tore his ACL. Happens to the best of us. Still 13/10

Help Cody here: https://t.co/4hxnDOt1CV",13,Cody,870656317836468226,None,2658,12373,Jun,2017,https://pbs.twimg.com/media/DBUxSSTXsAA-Jn1.jpg,PEMBROKE,0.945495,CARDIGAN,0.0458755,BEAGLE,0.00432943
46,870374049280663552,http://twitter.com/download/iphone,This is Zoey. She really likes the planet. Would hate to see willful ignorance and the denial of fairly elemental science destroy it. 13/10,13,Zoey,870374049280663552,None,26341,82452,Jun,2017,https://pbs.twimg.com/media/DBQwlFCXkAACSkI.jpg,GOLDEN_RETRIEVER,0.841001,GREAT_PYRENEES,0.0992784,LABRADOR_RETRIEVER,0.0326213
47,870308999962521604,http://twitter.com/download/iphone,"This is Rumble, but he's not ready to. Would rather fall asleep in his bath bucket. 13/10 would attempt a boop without waking",13,Rumble,870308999962521604,None,4174,21761,Jun,2017,https://pbs.twimg.com/media/DBP1asiUAAEKZI5.jpg,GREATER_SWISS_MOUNTAIN_DOG,0.6227520000000001,APPENZELLER,0.15846300000000002,ENTLEBUCHER,0.148115
48,869772420881756160,http://twitter.com/download/iphone,"This is Dewey (pronounced ""covfefe""). He's having a good walk. Arguably the best walk. 13/10 would snug softly",13,Dewey,869772420881756160,None,10095,42328,May,2017,https://pbs.twimg.com/media/DBINZcxXgAQ-R6P.jpg,PEMBROKE,0.980148,CARDIGAN,0.0192711,MALAMUTE,0.00013626
49,869227993411051520,http://twitter.com/download/iphone,This is Gizmo. His favorite thing is standing pupright like a hooman. Sneaky tongue slip status achieved. 13/10 would boop well,13,Gizmo,869227993411051520,None,3812,20421,May,2017,https://pbs.twimg.com/media/DBAePiVXcAAqHSR.jpg,PEMBROKE,0.664181,CHIHUAHUA,0.169234,CARDIGAN,0.1327
50,867421006826221569,http://twitter.com/download/iphone,This is Shikha. She just watched you drop a skittle on the ground and still eat it. Could not be less impressed. 12/10 superior puppo,12,Shikha,867421006826221569,Puppo,2537,16155,May,2017,https://pbs.twimg.com/media/DAmyy8FXYAIH8Ty.jpg,ESKIMO_DOG,0.6164569999999999,SIBERIAN_HUSKY,0.38133,MALAMUTE,0.00167022
51,866686824827068416,http://twitter.com/download/iphone,This is Lili. She can't believe you betrayed her with bath time. Never looking you in the eye again. 12/10 would puppologize profusely,12,Lili,866686824827068416,None,3531,19417,May,2017,https://pbs.twimg.com/media/DAcXEWuXkAIBDGJ.jpg,FLAT-COATED_RETRIEVER,0.51473,GROENENDAEL,0.30640700000000004,CURLY-COATED_RETRIEVER,0.0613141
52,866450705531457537,http://twitter.com/download/iphone,"This is Jamesy. He gives a kiss to every other pupper he sees on his walk. 13/10 such passion, much tender",13,Jamesy,866450705531457537,Pupper,35775,122853,May,2017,https://pbs.twimg.com/media/DAZAUfBXcAAG_Nn.jpg,FRENCH_BULLDOG,0.905334,BOSTON_BULL,0.0780597,PUG,0.00177092
53,866334964761202691,http://twitter.com/download/iphone,This is Coco. At first I thought she was a cloud but clouds don't bork with such passion. 12/10 would hug softly,12,Coco,866334964761202691,None,14673,52849,May,2017,https://pbs.twimg.com/media/DAXXDQNXgAAoYQH.jpg,SAMOYED,0.984086,POMERANIAN,0.00791928,KEESHOND,0.00332813
54,865359393868664832,http://twitter.com/download/iphone,This is Sammy. Her tongue ejects without warning sometimes. It's a serious condition. Needs a hefty dose from a BlepiPen. 13/10,13,Sammy,865359393868664832,None,5081,26650,May,2017,https://pbs.twimg.com/media/DAJfxqGVoAAnvQt.jpg,CHESAPEAKE_BAY_RETRIEVER,0.832435,LABRADOR_RETRIEVER,0.163551,WEIMARANER,0.00277025
55,865006731092295680,http://twitter.com/download/iphone,This is Nelly. He really hopes you like his Hawaiian shirt. He already tore the tags off. 13/10 h*ck of a puppurchase,13,Nelly,865006731092295680,None,7812,28214,May,2017,https://pbs.twimg.com/media/DAEfCFXUIAA1uqj.jpg,PEMBROKE,0.989882,CARDIGAN,0.00990646,BASENJI,0.000134952
56,864279568663928832,http://twitter.com/download/iphone,This is Meatball. He doing what's known in the industry as a mid-strut mlem. H*ckin fancy boy. 12/10 I'd do anything for Meatball,12,Meatball,864279568663928832,None,3097,14732,May,2017,https://pbs.twimg.com/media/C_6JrWZVwAAHhCD.jpg,BULL_MASTIFF,0.668613,FRENCH_BULLDOG,0.180562,STAFFORDSHIRE_BULLTERRIER,0.0522374
57,864197398364647424,http://twitter.com/download/iphone,This is Paisley. She ate a flower just to prove she could. Savage af. 13/10 would pet so well,13,Paisley,864197398364647424,None,9113,30398,May,2017,https://pbs.twimg.com/media/C_4-8iPV0AA1Twg.jpg,GOLDEN_RETRIEVER,0.945905,LABRADOR_RETRIEVER,0.0212636,TIBETAN_MASTIFF,0.0204928
58,863553081350529029,http://twitter.com/download/iphone,This is Neptune. He's a backpup vocalist for the Dixie Chicks. 13/10 (vid by @AmiWinehouse),13,Neptune,863553081350529029,None,4255,15434,May,2017,https://pbs.twimg.com/ext_tw_video_thumb/863553036815355904/pu/img/B6Dos-XOD8l82tK7.jpg,ESKIMO_DOG,0.41333,MALAMUTE,0.347646,SIBERIAN_HUSKY,0.149536
59,863432100342583297,http://twitter.com/download/iphone,This is Belle. She's never been more pupset. Encountered the worst imaginable type of zone. 12/10 would do anything to cheer pup,12,Belle,863432100342583297,None,5367,24038,May,2017,https://pbs.twimg.com/media/C_uG6eAUAAAvMvR.jpg,STAFFORDSHIRE_BULLTERRIER,0.690517,FRENCH_BULLDOG,0.10336,BEAGLE,0.07948939999999999
60,862831371563274240,http://twitter.com/download/iphone,"This is Zooey. She's the world's biggest fan of illiterate delivery people. 13/10 not your fault they don't listen, Zooey",13,Zooey,862831371563274240,None,5188,19356,May,2017,https://pbs.twimg.com/media/C_lkieeVwAAm0L4.jpg,AUSTRALIAN_TERRIER,0.207281,IRISH_TERRIER,0.156296,GERMAN_SHEPHERD,0.123536
61,862722525377298433,http://twitter.com/download/iphone,"This is Dave. He passed the h*ck out. It's barely the afternoon on a Thursday, Dave. Get it together. Still 11/10 would boop mid-snooze",11,Dave,862722525377298433,None,3609,17246,May,2017,https://pbs.twimg.com/media/C_kBjuUUIAArs2-.jpg,BASSET,0.39333,BEAGLE,0.24203400000000005,BOXER,0.0776925
62,861383897657036800,http://twitter.com/download/iphone,This is Hobbes. He's never seen bubbles before. 13/10 deep breaths buddy,13,Hobbes,861383897657036800,None,10947,36481,May,2017,https://pbs.twimg.com/media/C_RAFTxUAAAbXjV.jpg,CARDIGAN,0.771008,PEMBROKE,0.137174,FRENCH_BULLDOG,0.0633086
63,860524505164394496,http://twitter.com/download/iphone,This is Carl. He likes to dance. Doesn't care what you think about it. 13/10 h*ckin confident pup,13,Carl,860524505164394496,None,5408,23943,May,2017,https://pbs.twimg.com/media/C_EyeKuXkAAdxY-.jpg,BEDLINGTON_TERRIER,0.286558,TOY_POODLE,0.235193,LAKELAND_TERRIER,0.08795069999999999
64,858471635011153920,http://twitter.com/download/iphone,This is Sophie. She just arrived. Used pawority shipping. Speedy as h*ck delivery. 13/10 would carefully assemble,13,Sophie,858471635011153920,None,5000,21850,Apr,2017,https://pbs.twimg.com/media/C-nnZBdXkAAB-wg.jpg,PEMBROKE,0.987407,CARDIGAN,0.00872303,BASENJI,0.00342373
65,857989990357356544,http://twitter.com/download/iphone,This is Rosie. She was just informed of the walk that's about to happen. Knows there are many a stick along the way. 12/10 such excite,12,Rosie,857989990357356544,None,2664,16391,Apr,2017,https://pbs.twimg.com/media/C-gxV9ZXkAIBL-S.jpg,FRENCH_BULLDOG,0.43258,ENGLISH_SPRINGER,0.325898,LAKELAND_TERRIER,0.0426179
66,857263160327368704,http://twitter.com/download/iphone,This is Oscar and Oliver. Oliver shrunk Oscar. Oscar isn't pleased about it. Quite pupset tbh. Oliver doesn't seem to mind. Both 13/10,13,Oscar,857263160327368704,None,4677,20388,Apr,2017,https://pbs.twimg.com/media/C-WcS4MXoAADrBU.jpg,SAMOYED,0.998021,POMERANIAN,0.000921636,KEESHOND,0.000311261
67,857029823797047296,http://twitter.com/download/iphone,This is Zeke. He performs group cheeky wink tutorials. Pawfect execution here. 12/10 would wink back,12,Zeke,857029823797047296,None,4149,19310,Apr,2017,https://pbs.twimg.com/media/C-TIEwMW0AEjb55.jpg,GOLDEN_RETRIEVER,0.968623,LABRADOR_RETRIEVER,0.0103252,SALUKI,0.00414842
68,856282028240666624,http://twitter.com/download/iphone,"This is Cermet, Paesh, and Morple. They are absolute h*ckin superstars. Watered every day so they can grow. 14/10 for all",14,Cermet,856282028240666624,None,6559,28312,Apr,2017,https://pbs.twimg.com/media/C-If9ZwXoAAfDX2.jpg,CHIHUAHUA,0.8765430000000001,ITALIAN_GREYHOUND,0.032961800000000006,CARDIGAN,0.0207759
69,854732716440526848,http://twitter.com/download/iphone,This is Marlee. She fetched a flower and immediately requested that it be placed behind her ear. 12/10 elegant af,12,Marlee,854732716440526848,None,6380,23436,Apr,2017,https://pbs.twimg.com/media/C9ye3b3WAAAlTo0.jpg,PEMBROKE,0.6955479999999999,CARDIGAN,0.0589017,CHOW,0.0284106
70,854482394044301312,http://twitter.com/download/iphone,This is Arya. She can barely contain her excitement for more peanut butter. Also patriotic af. 13/10,13,Arya,854482394044301312,None,7182,30097,Apr,2017,https://pbs.twimg.com/media/C9u7MtmV0AA741s.jpg,CHIHUAHUA,0.26024200000000003,TOY_POODLE,0.189158,LABRADOR_RETRIEVER,0.14419500000000002
71,854365224396361728,http://twitter.com/download/iphone,This is Einstein. He's having a really good day. Hopes you are too. H*ckin nifty tongue. 13/10 would snug intensely,13,Einstein,854365224396361728,None,4898,19410,Apr,2017,https://pbs.twimg.com/media/C9tQokgUIAEETSx.jpg,PEMBROKE,0.90708,CARDIGAN,0.086272,CHIHUAHUA,0.00141323
72,852672615818899456,http://twitter.com/download/iphone,This is Aspen. She's never tasted a stick so succulent. On the verge of tears. A face of pure appreciation. 12/10,12,Aspen,852672615818899456,None,2269,15386,Apr,2017,https://pbs.twimg.com/media/C9VNNp1XkAEWRFb.jpg,GOLDEN_RETRIEVER,0.7112350000000001,OTTERHOUND,0.0682347,SUSSEX_SPANIEL,0.0465617
73,850753642995093505,http://twitter.com/download/iphone,"This is Kyle. He made a joke about your shoes, then stuck his tongue out at you. Uncalled for. Step the h*ck up Kyle. 11/10 would forgive",11,Kyle,850753642995093505,None,9825,32171,Apr,2017,https://pbs.twimg.com/media/C8576jrW0AEYWFy.jpg,PUG,0.996952,BULL_MASTIFF,0.000995901,FRENCH_BULLDOG,0.00088338
74,850380195714523136,http://twitter.com/download/iphone,This is Leo. He's a personal triathlon coach. Currently overseeing this athlete's push-pups. H*ckin brutal. 13/10 would do all he asks of me,13,Leo,850380195714523136,None,2770,13541,Apr,2017,https://pbs.twimg.com/ext_tw_video_thumb/850380153985355777/pu/img/lFouhg-EZvJs8eMr.jpg,YORKSHIRE_TERRIER,0.249012,MALTESE_DOG,0.166364,SHIH-TZU,0.142254
75,847842811428974592,http://twitter.com/download/iphone,"This is Rontu. He is described as a pal, cuddle bug, protector and constant shadow. 12/10, but he needs your help

https://t.co/zK4cpKPFfU",12,Rontu,847842811428974592,None,1431,5710,Mar,2017,https://pbs.twimg.com/media/C8QkidrVYAQXQh7.jpg,BERNESE_MOUNTAIN_DOG,0.951337,GREATER_SWISS_MOUNTAIN_DOG,0.0168491,APPENZELLER,0.0108492
76,847251039262605312,http://twitter.com/download/iphone,This is Furzey. He's doing an elevated sandy zoom. Adjusts ears to steer. 12/10 would pet mid flight,12,Furzey,847251039262605312,None,4575,21332,Mar,2017,https://pbs.twimg.com/media/C8IKUjAUwAEP-En.jpg,AIREDALE,0.49538,IRISH_TERRIER,0.316456,LAKELAND_TERRIER,0.15853299999999998
77,846874817362120707,http://twitter.com/download/iphone,"This is Tuck. As you can see, he's rather h*ckin rare. Taken seriously until his legs are seen. Tail stuck in a permanent zoom. 13/10",13,Tuck,846874817362120707,None,4187,20977,Mar,2017,https://pbs.twimg.com/media/C8C0JYHW0AAy-7u.jpg,SHETLAND_SHEEPDOG,0.450539,PAPILLON,0.187928,COLLIE,0.140068
78,846514051647705089,http://twitter.com/download/iphone,This is Barney. He's an elder doggo. Hitches a ride when he gets tired. Waves goodbye before he leaves. 13/10 please come back soon,13,Barney,846514051647705089,Doggo,12409,46676,Mar,2017,https://pbs.twimg.com/media/C79sB4xXwAEvwKY.jpg,GOLDEN_RETRIEVER,0.650003,LEONBERG,0.0651992,NORFOLK_TERRIER,0.0529553
79,846153765933735936,http://twitter.com/download/iphone,This is Vixen. He really likes bananas. Steals them when he thinks nobody's watching. 13/10 opportunistic af,13,Vixen,846153765933735936,None,9687,33134,Mar,2017,https://pbs.twimg.com/media/C74kWqoU8AEaf3v.jpg,GIANT_SCHNAUZER,0.346468,FLAT-COATED_RETRIEVER,0.21845100000000006,LABRADOR_RETRIEVER,0.10802
80,845306882940190720,http://twitter.com/download/iphone,This is Pickles. She's a silly pupper. Thinks she's a dish. 12/10 would dry,12,Pickles,845306882940190720,Pupper,5773,24413,Mar,2017,https://pbs.twimg.com/media/C7siH5DXkAACnDT.jpg,IRISH_WATER_SPANIEL,0.567475,LABRADOR_RETRIEVER,0.169496,CURLY-COATED_RETRIEVER,0.101518
81,844973813909606400,http://twitter.com/download/iphone,"This is Brady. He's a recovering alcoholic. Demonstrating incredible restraint here. 12/10 don't give pup, don't give in, Brady",12,Brady,844973813909606400,None,3440,15830,Mar,2017,https://pbs.twimg.com/media/C7nzMwTV4AARz4t.jpg,LABRADOR_RETRIEVER,0.742421,GOLDEN_RETRIEVER,0.195218,CHIHUAHUA,0.017320099999999998
82,844704788403113984,http://twitter.com/download/iphone,This is Luna. It's her first time outside and a bee stung her nose. Completely h*ckin uncalled for. 13/10 where's the bee I just wanna talk,13,Luna,844704788403113984,None,11081,40587,Mar,2017,https://pbs.twimg.com/media/C7j-hkSW0AIxCZC.jpg,LABRADOR_RETRIEVER,0.980213,GOLDEN_RETRIEVER,0.00701167,BEAGLE,0.00314697
83,844223788422217728,http://twitter.com/download/iphone,This is Margo. She just dug pup a massive hole. Can't wait for you to see it. H*ckin proud of herself. 12/10 would forgive then pet,12,Margo,844223788422217728,None,2351,14289,Mar,2017,https://pbs.twimg.com/media/C7dJCnqU4AAswat.jpg,LABRADOR_RETRIEVER,0.71951,CHESAPEAKE_BAY_RETRIEVER,0.122019,NEWFOUNDLAND,0.0388276
84,843604394117681152,http://twitter.com/download/iphone,This is Hank. He's been outside for 3 minutes and already made a friend. Way to go Hank. 11/10 for both,11,Hank,843604394117681152,None,2952,17711,Mar,2017,https://pbs.twimg.com/media/C7UVuE_U0AI8GGl.jpg,LABRADOR_RETRIEVER,0.430583,GOLDEN_RETRIEVER,0.263581,GREAT_PYRENEES,0.179385
85,843235543001513987,http://twitter.com/download/iphone,This is Tycho. She just had new wheels installed. About to do a zoom. 0-60 in 2.4 seconds. 13/10 inspirational as h*ck,13,Tycho,843235543001513987,None,6503,22538,Mar,2017,https://pbs.twimg.com/media/C7PGQJAWwAAibui.jpg,PEMBROKE,0.958452,CARDIGAN,0.0237699,CHIHUAHUA,0.00526936
86,842846295480000512,http://twitter.com/download/iphone,This is Charlie. He's wishing you a very fun and safe St. Pawtrick's Day. 13/10 festive af,13,Charlie,842846295480000512,None,3855,15960,Mar,2017,https://pbs.twimg.com/media/C7JkO0rX0AErh7X.jpg,LABRADOR_RETRIEVER,0.461076,GOLDEN_RETRIEVER,0.154946,CHIHUAHUA,0.110249
87,842535590457499648,http://twitter.com/download/iphone,This is Winnie. She lost her body saving a children's hospital from an avalanche. 13/10 what a h*ckin hero,13,Winnie,842535590457499648,None,3760,18997,Mar,2017,https://pbs.twimg.com/media/C7FJpgVW4AIDzi6.jpg,PEMBROKE,0.685084,CARDIGAN,0.314608,BASENJI,0.000159824
88,842115215311396866,http://twitter.com/download/iphone,This is Bentley. It's his first time going to the beach. I think he's a fan. 12/10 would build sand castles with,12,Bentley,842115215311396866,None,3256,14718,Mar,2017,https://pbs.twimg.com/media/C6_LTCZWoAAKm_O.jpg,CHOW,0.293493,NEWFOUNDLAND,0.181336,SCHIPPERKE,0.125152
89,841314665196081154,http://twitter.com,This is Max. There's no way in h*ck you're taking his pacifier. Binky promises it's not happening. 13/10 very good stubborn boy,13,Max,841314665196081154,None,5047,16653,Mar,2017,https://pbs.twimg.com/ext_tw_video_thumb/841311812641533952/pu/img/sBUGt8u76n9azPWI.jpg,AFGHAN_HOUND,0.903712,SALUKI,0.035215,BLOODHOUND,0.0265655
90,841077006473256960,http://twitter.com/download/iphone,This is Dawn. She's just checking pup on you. Making sure you're doing okay. 12/10 she's here if you need her,12,Dawn,841077006473256960,None,5711,24077,Mar,2017,https://pbs.twimg.com/media/C6wbE5bXUAAh1Hv.jpg,BRITTANY_SPANIEL,0.962985,BLENHEIM_SPANIEL,0.014819999999999996,CLUMBER,0.00955711
91,840268004936019968,http://twitter.com/download/iphone,This is Monty. He makes instantly regrettable decisions. Couldn't help himself. It looked like a ghost lollipop. 12/10 mistake happen,12,Monty,840268004936019968,None,6176,20299,Mar,2017,https://pbs.twimg.com/media/C6k7SaEXUAg83_J.jpg,CHESAPEAKE_BAY_RETRIEVER,0.8639870000000001,LABRADOR_RETRIEVER,0.0526323,KELPIE,0.0325736
92,839239871831150596,http://twitter.com/download/iphone,This is Odie. He's big. 13/10 would attempt to ride,13,Odie,839239871831150596,None,7061,28661,Mar,2017,https://pbs.twimg.com/media/C6WUNadWYAAPxHv.jpg,LEONBERG,0.927021,NEWFOUNDLAND,0.0500091,SAINT_BERNARD,0.0107278
93,838921590096166913,http://twitter.com/download/iphone,This is Arlo. He's officially the king of snowy tongue slips. 13/10 would comfort during inevitable brain freeze,13,Arlo,838921590096166913,None,2237,11775,Mar,2017,https://pbs.twimg.com/media/C6Ryuf7UoAAFX4a.jpg,BORDER_TERRIER,0.664538,BRABANCON_GRIFFON,0.170451,YORKSHIRE_TERRIER,0.08782360000000003
94,838476387338051585,http://twitter.com/download/iphone,This is Stanley. Somehow he heard you tell him he's a good boy from all the way up there. 13/10 I love you Stanley,13,Stanley,838476387338051585,None,5204,23841,Mar,2017,https://pbs.twimg.com/media/C6Ld0wYWgAQQqMC.jpg,GREAT_PYRENEES,0.997692,KUVASZ,0.00100064,NEWFOUNDLAND,0.000404556
95,837366284874571778,http://twitter.com/download/iphone,This is Lucy. She has a portrait of herself on her ear. Excellent for identification pupposes. 13/10 innovative af,13,Lucy,837366284874571778,None,5732,22311,Mar,2017,https://pbs.twimg.com/media/C57sMJwXMAASBSx.jpg,AMERICAN_STAFFORDSHIRE_TERRIER,0.660085,STAFFORDSHIRE_BULLTERRIER,0.334947,DALMATIAN,0.00269716
96,837110210464448512,http://twitter.com/download/iphone,This is Clark. He passed pupper training today. Round of appaws for Clark. 13/10,13,Clark,837110210464448512,Pupper,2595,16912,Mar,2017,https://pbs.twimg.com/media/C54DS1kXQAEU5pS.jpg,SIBERIAN_HUSKY,0.767696,ESKIMO_DOG,0.217079,MALAMUTE,0.0116568
97,834209720923721728,http://twitter.com/download/iphone,This is Wilson. He's aware that he has something on his face. Waiting for you to get it for him. 12/10,12,Wilson,834209720923721728,None,5201,21829,Feb,2017,https://pbs.twimg.com/media/C5O1UAaWIAAMBMd.jpg,GOLDEN_RETRIEVER,0.754799,PEKINESE,0.197861,LABRADOR_RETRIEVER,0.00865404
98,833863086058651648,http://twitter.com/download/iphone,This is Bentley. Hairbrushes are his favorite thing in the h*ckin world. 12/10 impawsible to say no to,12,Bentley,833863086058651648,None,2614,14201,Feb,2017,https://pbs.twimg.com/media/C5J6DIpWQAEosSz.jpg,KUVASZ,0.494969,GREAT_PYRENEES,0.312632,GOLDEN_RETRIEVER,0.141736
99,833722901757046785,http://twitter.com/download/iphone,This is Bronte. She's fairly h*ckin aerodynamic. Also patiently waiting for mom to make her a main character. 13/10 would be an honor to pet,13,Bronte,833722901757046785,None,3486,21903,Feb,2017,https://pbs.twimg.com/media/C5H6jmgW8AAevqq.jpg,WEST_HIGHLAND_WHITE_TERRIER,0.918144,MALTESE_DOG,0.0257207,LAKELAND_TERRIER,0.0202111
100,833479644947025920,http://twitter.com/download/iphone,This is Poppy. She just arrived. 13/10 would snug passionately,13,Poppy,833479644947025920,None,2248,15740,Feb,2017,https://pbs.twimg.com/media/C5EdT4jWEAARv2C.jpg,GOLDEN_RETRIEVER,0.727039,COCKER_SPANIEL,0.0711398,TIBETAN_MASTIFF,0.048694199999999986
101,832998151111966721,http://twitter.com/download/iphone,"This is Rhino. He arrived at a shelter with an elaborate doggo manual for his new family, written by someone who will always love him. 13/10",13,Rhino,832998151111966721,Doggo,2410,14089,Feb,2017,https://pbs.twimg.com/media/C49nZavUYAEJjGw.jpg,BOXER,0.539036,FRENCH_BULLDOG,0.317617,BULL_MASTIFF,0.0939285
102,832636094638288896,http://twitter.com/download/iphone,This is Orion. He just got back from the dentist. Cavity free af. 12/10 would give extra pats,12,Orion,832636094638288896,None,3043,16812,Feb,2017,https://pbs.twimg.com/media/C44eG7oUMAAA4Ss.jpg,ESKIMO_DOG,0.5250319999999999,SIBERIAN_HUSKY,0.252238,MALAMUTE,0.216839
103,832369877331693569,http://twitter.com/download/iphone,This is Charlie. He fell asleep on a heating vent. Would puppreciate your assistance. 11/10 someone help Charlie,11,Charlie,832369877331693569,None,3461,18176,Feb,2017,https://pbs.twimg.com/media/C40r_GDWAAA5vNJ.jpg,KELPIE,0.50469,GERMAN_SHORT-HAIRED_POINTER,0.105208,STAFFORDSHIRE_BULLTERRIER,0.0543385
104,832032802820481025,http://twitter.com/download/iphone,"This is Miguel. He was the only remaining doggo at the adoption center after the weekend. Let's change that. 12/10

https://t.co/P0bO8mCQwN",12,Miguel,832032802820481025,Doggo,5071,18915,Feb,2017,https://pbs.twimg.com/media/C4v5a4UWcAIRygc.jpg,WHIPPET,0.601712,IBIZAN_HOUND,0.152662,ITALIAN_GREYHOUND,0.135055
105,831670449226514432,http://twitter.com/download/iphone,This is Daisy. She has a heart on her butt. 13/10 topical af,13,Daisy,831670449226514432,None,1976,11081,Feb,2017,https://pbs.twimg.com/media/C4qv3JUW8AADirb.jpg,PEMBROKE,0.6248020000000001,CARDIGAN,0.362861,APPENZELLER,0.00392621
106,831552930092285952,http://twitter.com/download/iphone,This is Dutch. He dressed up as his favorite emoji for Valentine's Day. I've got heart eyes for his heart eyes. 13/10,13,Dutch,831552930092285952,None,2500,9558,Feb,2017,https://pbs.twimg.com/media/C4pE-I0WQAABveu.jpg,CHIHUAHUA,0.257415,PEMBROKE,0.161442,FRENCH_BULLDOG,0.0921429
107,831309418084069378,http://twitter.com/download/iphone,This is Scooter and his son Montoya.  Scooter is a wonderful father. He takes very good care of Montoya. Both 12/10 would pet at same time,12,Scooter,831309418084069378,None,2661,12447,Feb,2017,https://pbs.twimg.com/media/C4lngK5VUAEVrNO.jpg,DOBERMAN,0.369389,KELPIE,0.132449,LABRADOR_RETRIEVER,0.0747273
108,829861396166877184,http://twitter.com/download/iphone,This is Mia. She already knows she's a good dog. You don't have to tell her. 12/10 would probably tell her anyway,12,Mia,829861396166877184,None,2134,12996,Feb,2017,https://pbs.twimg.com/media/C4RCiIHWYAAwgJM.jpg,BORDER_TERRIER,0.394486,STAFFORDSHIRE_BULLTERRIER,0.376574,AMERICAN_STAFFORDSHIRE_TERRIER,0.0312916
109,829501995190984704,http://twitter.com/download/iphone,This is Leo. He was a skater pup. She said see ya later pup. He wasn't good enough for her. 12/10 you're good enough for me Leo,12,Leo,829501995190984704,None,11593,33734,Feb,2017,https://pbs.twimg.com/media/C4L7p19W8AA3Fs_.jpg,FRENCH_BULLDOG,0.950851,PEKINESE,0.0151996,PUG,0.0110936
110,829374341691346946,http://twitter.com/download/iphone,This is Astrid. She's a guide doggo in training. 13/10 would follow anywhere,13,Astrid,829374341691346946,Doggo,10174,36802,Feb,2017,https://pbs.twimg.com/media/C4KHj-nWQAA3poV.jpg,STAFFORDSHIRE_BULLTERRIER,0.757547,AMERICAN_STAFFORDSHIRE_TERRIER,0.14995,CHESAPEAKE_BAY_RETRIEVER,0.0475227
111,828376505180889089,http://twitter.com/download/iphone,"This is Beebop. Her name means ""Good Dog"" in robot. She also was a star on the field today. 13/10 would pet well",13,Beebop,828376505180889089,None,1162,7856,Feb,2017,https://pbs.twimg.com/media/C378BwxWMAA6CNK.jpg,AMERICAN_STAFFORDSHIRE_TERRIER,0.5230859999999999,STAFFORDSHIRE_BULLTERRIER,0.186168,CHIHUAHUA,0.0420894
112,699446877801091073,http://twitter.com/download/iphone,"This is Archie. He's undercover in all these pics. Not actually a bee, cow, or Hawaiian. Sneaky af. 12/10",12,Archie,699446877801091073,,2808,6270,Feb,2016,https://pbs.twimg.com/media/CbTvNpoW0AEemnx.jpg,PEMBROKE,0.9694,CARDIGAN,0.0260588,CHIHUAHUA,0.00350547
113,698989035503689728,http://twitter.com/download/iphone,This is Oliver. He does toe touches in his sleep. 13/10 precious af,13,Oliver,698989035503689728,,1061,3576,Feb,2016,https://pbs.twimg.com/media/CbNO0DaW0AARcki.jpg,NORFOLK_TERRIER,0.24634,IRISH_TERRIER,0.243349,GOLDEN_RETRIEVER,0.085871
114,698703483621523456,http://twitter.com/download/iphone,This is Rusty. He has no respect for POULTRY products. Unbelievable af. 7/10 would still pet,7,Rusty,698703483621523456,,407,1535,Feb,2016,https://pbs.twimg.com/media/CbJLG0HWwAAV-ug.jpg,BRITTANY_SPANIEL,0.931963,WELSH_SPRINGER_SPANIEL,0.0306949,BEAGLE,0.0128961
115,698549713696649216,http://twitter.com/download/iphone,This is Claude. He's trying to be seductive but he forgot to turn on the fireplace. 9/10 damn it Claude,9,Claude,698549713696649216,,662,2450,Feb,2016,https://pbs.twimg.com/media/CbG_QRJXEAALVWy.jpg,FRENCH_BULLDOG,0.998544,BOSTON_BULL,0.00140394,BOXER,2.322e-05
116,698342080612007937,http://twitter.com/download/iphone,This is Maximus. He's training for the tetherball world championship. The grind never stops. 11/10 (vid by @Amuly21),11,Maximus,698342080612007937,,1018,2395,Feb,2016,https://pbs.twimg.com/ext_tw_video_thumb/698341973569245184/pu/img/Sj3A2vSfbKWSv61T.jpg,BOXER,0.8830479999999999,SAINT_BERNARD,0.030579400000000007,STAFFORDSHIRE_BULLTERRIER,0.0129941
117,698178924120031232,http://twitter.com/download/iphone,This is Lily. She accidentally dropped all her Kohl's cash overboard. Day officially ruined. 10/10 hang in there pup,10,Lily,698178924120031232,,792,2961,Feb,2016,https://pbs.twimg.com/media/CbBuBhbWwAEGH29.jpg,CHESAPEAKE_BAY_RETRIEVER,0.351868,MALINOIS,0.207753,LABRADOR_RETRIEVER,0.154606
118,697990423684476929,http://twitter.com/download/iphone,This is Doug. He's a Draconian Jabbawockee. Rad tongue. Ears are borderline legendary 11/10 would pet with a purpose,11,Doug,697990423684476929,,1390,3477,Feb,2016,https://pbs.twimg.com/media/Ca_ClYOW0AAsvpE.jpg,PEMBROKE,0.984783,CARDIGAN,0.015018,SHETLAND_SHEEPDOG,7.358600000000001e-05
119,697270446429966336,http://twitter.com/download/iphone,This is Bentley. He got stuck on his 3rd homework problem. Picturing the best case scenario if he drops out. 10/10,10,Bentley,697270446429966336,,2001,4936,Feb,2016,https://pbs.twimg.com/media/Ca0zxGjW8AEfyYl.jpg,TOY_POODLE,0.880014,MINIATURE_POODLE,0.100136,NORFOLK_TERRIER,0.00702706
120,696900204696625153,http://twitter.com/download/iphone,This is Rosie. She's a Benebark Cumberpatch. Sleepy af. 12/10 would snug for days,12,Rosie,696900204696625153,,1103,3374,Feb,2016,https://pbs.twimg.com/media/CavjCdJW0AIB5Oz.jpg,CHIHUAHUA,0.297735,PEMBROKE,0.266953,BASENJI,0.13681400000000002
121,695409464418041856,http://twitter.com/download/iphone,This is Bob. He just got back from his job interview and realized his ear was inside-out the whole time. 10/10,10,Bob,695409464418041856,,3840,9120,Feb,2016,https://pbs.twimg.com/media/CaaXN5LUYAEzAh-.jpg,PUG,0.997445,BULL_MASTIFF,0.00174855,PEKINESE,0.00030440400000000004
122,695314793360662529,http://twitter.com/download/iphone,This is Colin. He really likes green beans. It's tearing his family apart. 10/10 please pray for Colin,10,Colin,695314793360662529,,1586,3852,Feb,2016,https://pbs.twimg.com/media/CaZBErSWEAEdXk_.jpg,MALTESE_DOG,0.678547,LHASA,0.125046,PEKINESE,0.048998800000000016
123,695074328191332352,http://twitter.com/download/iphone,This is Lorenzo. He's educated af. Just graduated college. 11/10 poor pupper can't even comprehend his debt,11,Lorenzo,695074328191332352,,1189,3008,Feb,2016,https://pbs.twimg.com/media/CaVmajOWYAA1uNG.jpg,SHIH-TZU,0.5101060000000001,TIBETAN_TERRIER,0.0719809,LHASA,0.069231
124,694001791655137281,http://twitter.com/download/iphone,This is Chester. He's a Benefloof Cumberbark. Fabulous ears. Nifty shirt. Was probably on sale. Nice hardwood. 11/10,11,Chester,694001791655137281,,1110,3586,Feb,2016,https://pbs.twimg.com/media/CaGW8JQUMAEVtLl.jpg,PEMBROKE,0.769999,CARDIGAN,0.229228,CHIHUAHUA,0.000246837
125,693942351086120961,http://twitter.com/download/iphone,This is Kobe. He's a Speckled Rorschach. Requests that someone holds his hand during car rides. 10/10 sick interior,10,Kobe,693942351086120961,,398,1835,Jan,2016,https://pbs.twimg.com/media/CaFg41YWkAAdOjy.jpg,GROENENDAEL,0.550796,NORWEGIAN_ELKHOUND,0.15477,SCHIPPERKE,0.0808019
126,693231807727280129,http://twitter.com/download/iphone,"This is Bodie. He's not proud of what he did, but it needed to be done. 9/10 eight days was a pretty good streak tbh",9,Bodie,693231807727280129,,790,3026,Jan,2016,https://pbs.twimg.com/media/CZ7aplIUsAAq-8s.jpg,VIZSLA,0.8764129999999999,CHESAPEAKE_BAY_RETRIEVER,0.0783998,RHODESIAN_RIDGEBACK,0.0321941
127,693155686491000832,http://twitter.com/download/iphone,This is Dunkin. He can only see when he's wet (tragic). 12/10 future heartbreaker,12,Dunkin,693155686491000832,,3446,8350,Jan,2016,https://pbs.twimg.com/media/CZ6VatdWwAAwHly.jpg,SHIH-TZU,0.69748,LHASA,0.200151,TIBETAN_TERRIER,0.0909704
128,692568918515392513,http://twitter.com/download/iphone,This is Chester. He's been guarding this pumpkin since October. Dedicated af. Hat is nifty as hell. 12/10 would snug,12,Chester,692568918515392513,,1655,4602,Jan,2016,https://pbs.twimg.com/media/CZx_wV2UMAArgsJ.jpg,GOLDEN_RETRIEVER,0.636845,LABRADOR_RETRIEVER,0.16336199999999998,PEKINESE,0.045554
129,692535307825213440,http://twitter.com/download/iphone,This is Amber. She's a Fetty Woof. 10/10 would pet in a heartbeat,10,Amber,692535307825213440,,1461,3377,Jan,2016,https://pbs.twimg.com/media/CZxhL2yWAAI_DHn.jpg,PUG,0.41309,FRENCH_BULLDOG,0.199865,CHIHUAHUA,0.08199060000000001
130,691444869282295808,http://twitter.com/download/iphone,This is Bailey. She likes flowers. 12/10,12,Bailey,691444869282295808,,914,2803,Jan,2016,https://pbs.twimg.com/media/CZiBcJhWQAATXNK.jpg,BERNESE_MOUNTAIN_DOG,0.767563,BORDER_COLLIE,0.08580460000000001,ENTLEBUCHER,0.0437693
131,691321916024623104,http://twitter.com/download/iphone,This is Molly. She's a Peruvian Niddlewog. Loves her new hat. 11/10 would totally pet,11,Molly,691321916024623104,,710,2722,Jan,2016,https://pbs.twimg.com/media/CZgRmk0UcAAxeuQ.jpg,ROTTWEILER,0.508981,GERMAN_SHEPHERD,0.207897,KELPIE,0.0943533
132,690728923253055490,http://twitter.com/download/iphone,This is Vinscent. He was just questioned about his recent credit card spending. 8/10,8,Vinscent,690728923253055490,,559,2299,Jan,2016,https://pbs.twimg.com/media/CZX2SxaXEAEcnR6.jpg,KUVASZ,0.422806,GOLDEN_RETRIEVER,0.291586,GREAT_PYRENEES,0.0761892
133,690400367696297985,http://twitter.com/download/iphone,"This is Eriq. His friend just reminded him of last year's super bowl. Not cool friend
10/10 for Eriq
6/10 for friend",10,Eriq,690400367696297985,,489,1981,Jan,2016,https://pbs.twimg.com/media/CZTLeBuWIAAFkeR.jpg,PEMBROKE,0.426459,PAPILLON,0.317368,SHETLAND_SHEEPDOG,0.07761599999999999
134,689999384604450816,http://twitter.com/download/iphone,This is Covach. He's trying to melt the snow. 10/10 we all believe in you buddy,10,Covach,689999384604450816,,403,1514,Jan,2016,https://pbs.twimg.com/media/CZNexghWAAAYnT-.jpg,STANDARD_POODLE,0.444499,ENGLISH_SPRINGER,0.12983,PUG,0.0738057
135,689877686181715968,http://twitter.com/download/iphone,This is Durg. He's trying to conquer his fear of trampolines. 9/10 it's not working,9,Durg,689877686181715968,,1278,3191,Jan,2016,https://pbs.twimg.com/media/CZLwGAIWQAIYsTx.jpg,OLD_ENGLISH_SHEEPDOG,0.26915500000000003,TIBETAN_TERRIER,0.111496,LAKELAND_TERRIER,0.104939
136,689517482558820352,http://twitter.com/download/iphone,This is Carl. He just wants to make sure you're having a good day. 12/10 just a swell pup,12,Carl,689517482558820352,,1544,3592,Jan,2016,https://pbs.twimg.com/media/CZGofjJW0AINjN9.jpg,PEMBROKE,0.799319,CARDIGAN,0.189537,PAPILLON,0.00338619
137,689280876073582592,http://twitter.com/download/iphone,This is Herald. He wants you to know he could steal your girl at any moment. 10/10,10,Herald,689280876073582592,,776,2118,Jan,2016,https://pbs.twimg.com/media/CZDRTAPUoAEaqxF.jpg,CHIHUAHUA,0.6375460000000001,AMERICAN_STAFFORDSHIRE_TERRIER,0.150694,STAFFORDSHIRE_BULLTERRIER,0.103953
138,688547210804498433,http://twitter.com/download/iphone,This is FrÃ¶nq. He got caught stealing a waffle. Damn it FrÃ¶nq. 9/10,9,Fr,688547210804498433,,758,2760,Jan,2016,https://pbs.twimg.com/media/CY42CFWW8AACOwt.jpg,PAPILLON,0.531279,BLENHEIM_SPANIEL,0.214197,BORDER_COLLIE,0.0538399
139,688064179421470721,http://twitter.com/download/iphone,This is Kilo. He's a Pouncing Brioche. Really likes snow. 11/10,11,Kilo,688064179421470721,,388,1826,Jan,2016,https://pbs.twimg.com/media/CYx-tGaUoAAEXV8.jpg,ESKIMO_DOG,0.240602,NORWEGIAN_ELKHOUND,0.180369,SIBERIAN_HUSKY,0.0907388
140,687826841265172480,http://twitter.com/download/iphone,This is Louis. He's a rollercoaster of emotions. Incalculably fluffy. 12/10 would pet firmly,12,Louis,687826841265172480,,1218,2890,Jan,2016,https://pbs.twimg.com/media/CYum3KbWEAArFrI.jpg,POMERANIAN,0.99721,PEKINESE,0.0008032410000000001,KEESHOND,0.000372515
141,687494652870668288,http://twitter.com/download/iphone,This is Marq. He stole this car. 7/10 wtf Marq?,7,Marq,687494652870668288,,620,2026,Jan,2016,https://pbs.twimg.com/media/CYp4vFrVAAEs9AX.jpg,ROTTWEILER,0.391471,MINIATURE_PINSCHER,0.273595,TIBETAN_MASTIFF,0.0416919
142,687460506001633280,http://twitter.com/download/iphone,This is Kramer. He's a Picasso Tortellini. Tie couldn't be more accurate. Confident af. Runs his own business. 10/10,10,Kramer,687460506001633280,,586,2164,Jan,2016,https://pbs.twimg.com/media/CYpZrtDWwAE8Kpw.jpg,BOSTON_BULL,0.223366,BOXER,0.183596,FRENCH_BULLDOG,0.17691600000000002
143,687317306314240000,http://twitter.com/download/iphone,This is Tyrone. He's a leaf wizard. Self-motivated. No eyes (tragic). Inspirational af. 11/10 enthusiasm is tangible,11,Tyrone,687317306314240000,,9880,21269,Jan,2016,https://pbs.twimg.com/media/CYnXcLEUkAAIQOM.jpg,SHIH-TZU,0.747208,MALTESE_DOG,0.0910254,LHASA,0.0357878
144,687109925361856513,http://twitter.com/download/iphone,This is Baxter. He looks like a fun dog. Prefers action shots. 11/10 the last one is impeccable,11,Baxter,687109925361856513,,2663,6148,Jan,2016,https://pbs.twimg.com/media/CYka1NTWMAAOclP.jpg,BORZOI,0.883086,WHIPPET,0.0229336,SALUKI,0.0216056
145,686618349602762752,http://twitter.com/download/iphone,This is Olivia. She just saw an adult wearing crocs. 11/10 poor pupper. No one should witness such a thing,11,Olivia,686618349602762752,,1464,3893,Jan,2016,https://pbs.twimg.com/media/CYdbvwjWcAEtjYu.jpg,ROTTWEILER,0.441331,MINIATURE_PINSCHER,0.23318000000000005,GORDON_SETTER,0.093582
146,686050296934563840,http://twitter.com/download/iphone,This is FlÃ¡vio. He's a Macedonian Poppycock. 97% floof. Jubilant af. 11/10 personally I'd pet the hell out of,11,Fl,686050296934563840,,789,2339,Jan,2016,https://pbs.twimg.com/media/CYVXBb9WsAAwL3p.jpg,POMERANIAN,0.985789,KEESHOND,0.00408291,PEKINESE,0.00333366
147,685973236358713344,http://twitter.com/download/iphone,This is Lorelei. She's contemplating her existence and the eventual heat death of the universe. 11/10 very majestic,11,Lorelei,685973236358713344,,568,2234,Jan,2016,https://pbs.twimg.com/media/CYURBGoWYAAKey3.jpg,SIBERIAN_HUSKY,0.450678,ESKIMO_DOG,0.430275,MALAMUTE,0.11859
148,685906723014619143,http://twitter.com/download/iphone,This is Olive. He's stuck in a sleeve. 9/10 damn it Olive,9,Olive,685906723014619143,,3144,7964,Jan,2016,https://pbs.twimg.com/media/CYTUhn7WkAEXocW.jpg,YORKSHIRE_TERRIER,0.414963,BRIARD,0.0635052,PEKINESE,0.0536822
149,685321586178670592,http://twitter.com/download/iphone,This is Rocky. He sleeps like a psychopath. 10/10 quality tongue slip,10,Rocky,685321586178670592,,693,2806,Jan,2016,https://pbs.twimg.com/media/CYLAWFMWMAEcRzb.jpg,BOSTON_BULL,0.972483,FRENCH_BULLDOG,0.0254693,BOXER,0.000457544
150,685268753634967552,http://twitter.com/download/iphone,This is Hubertson. He's a Carmel Haberdashery. Enjoys long summer days on his boat. Very peaceful pupper. 10/10,10,Hubertson,685268753634967552,,1302,3286,Jan,2016,https://pbs.twimg.com/media/CYKQS0xUQAEOptC.jpg,PUG,0.999044,NORWEGIAN_ELKHOUND,0.000546586,BULL_MASTIFF,0.000235195
151,684940049151070208,http://twitter.com/download/iphone,This is Oreo. She's a photographer and a model. Living a double pupple life. 12/10 such talent much cute would pet,12,Oreo,684940049151070208,,1124,3411,Jan,2016,https://pbs.twimg.com/media/CYFlVUFWwAAEsWX.jpg,BORDER_COLLIE,0.665578,COLLIE,0.176846,OLD_ENGLISH_SHEEPDOG,0.0651747
152,684460069371654144,http://twitter.com/download/iphone,This is Jeph. He's a Western Sagittarius Dookmarriot. Frightened by leaf. Caught him off guard. 10/10 calm down Jeph,10,Jeph,684460069371654144,,599,2097,Jan,2016,https://pbs.twimg.com/media/CX-wzZEUwAA4ISM.jpg,LABRADOR_RETRIEVER,0.673691,CHESAPEAKE_BAY_RETRIEVER,0.194897,AMERICAN_STAFFORDSHIRE_TERRIER,0.05947130000000001
153,684195085588783105,http://twitter.com/download/iphone,This is Tino. He really likes corndogs. 9/10,9,Tino,684195085588783105,,561,2032,Jan,2016,https://pbs.twimg.com/media/CX6_y6OU0AAl3v2.jpg,CHIHUAHUA,0.379365,TOY_TERRIER,0.121809,BOSTON_BULL,0.0959809
154,684177701129875456,http://twitter.com/download/iphone,This is Kulet. She's very proud of the flower she picked. Loves it dearly. 10/10 now I want a flower,10,Kulet,684177701129875456,,729,2134,Jan,2016,https://pbs.twimg.com/media/CX6v_JOWsAE0beZ.jpg,CHOW,0.334783,GERMAN_SHEPHERD,0.162647,GOLDEN_RETRIEVER,0.138612
155,683498322573824003,http://twitter.com/download/iphone,This is Griffin. He's desperate for both a physical and emotion connection. 11/10 I'd hug the hell out of Griffin,11,Griffin,683498322573824003,,1036,3354,Jan,2016,https://pbs.twimg.com/media/CXxGGOsUwAAr62n.jpg,AIREDALE,0.945362,IRISH_TERRIER,0.02685,LAKELAND_TERRIER,0.016826400000000002
156,683111407806746624,http://twitter.com/download/iphone,This is Larry. He thought the New Year's parties were tonight. 10/10 poor pupper. Maybe next year,10,Larry,683111407806746624,,985,3599,Jan,2016,https://pbs.twimg.com/media/CXrmMSpUwAAdeRj.jpg,COCKER_SPANIEL,0.901392,SOFT-COATED_WHEATEN_TERRIER,0.0286048,MINIATURE_SCHNAUZER,0.0178054
157,683030066213818368,http://twitter.com/download/iphone,This is Lulu. She's contemplating all her unreached 2015 goals and daydreaming of a more efficient tomorrow. 10/10,10,Lulu,683030066213818368,,791,2278,Jan,2016,https://pbs.twimg.com/media/CXqcOHCUQAAugTB.jpg,BOXER,0.722218,BULL_MASTIFF,0.193804,FRENCH_BULLDOG,0.0551937
158,682032003584274432,http://twitter.com/download/iphone,This is Ulysses. He likes holding hands and his eyes are magic. 11/10,11,Ulysses,682032003584274432,,2174,6954,Dec,2015,https://pbs.twimg.com/media/CXcQfUNUQAEwFoQ.jpg,SCHIPPERKE,0.997953,GROENENDAEL,0.000676435,MINIATURE_PINSCHER,0.000211246
159,681981167097122816,http://twitter.com/download/iphone,This is Jimothy. He's a Trinidad Poliwhirl. Father was a velociraptor. Exceptionally unamused. 12/10 would adopt,12,Jimothy,681981167097122816,,1112,2940,Dec,2015,https://pbs.twimg.com/media/CXbiQHmWcAAt6Lm.jpg,LABRADOR_RETRIEVER,0.4525770000000001,GOLDEN_RETRIEVER,0.40342,BEAGLE,0.0694857
160,681694085539872773,http://twitter.com/download/iphone,This is Bo. He's a Benedoop Cumbersnatch. Seems frustrated with own feet. Portable as hell. 11/10 very solid pupper,11,Bo,681694085539872773,,4371,13490,Dec,2015,https://pbs.twimg.com/media/CXXdJ7CVAAALu23.jpg,TOY_POODLE,0.920992,MINIATURE_POODLE,0.0608572,MALTESE_DOG,0.00606372
161,681654059175129088,http://twitter.com/download/iphone,This is Toffee. He's a happy pupper. Appears dangerously fluffy. Extraordinarily spherical. 12/10 would pet firmly,12,Toffee,681654059175129088,,1001,2794,Dec,2015,https://pbs.twimg.com/media/CXW4wGHWsAE_eBD.jpg,POMERANIAN,0.800538,CHOW,0.146892,PEKINESE,0.0376125
162,681579835668455424,http://twitter.com/download/iphone,This is Apollo. He thought you weren't coming back so he had a mental breakdown. 8/10 we've all been there,8,Apollo,681579835668455424,,1411,3745,Dec,2015,https://pbs.twimg.com/media/CXV1Ot_W8AEpkQO.jpg,ROTTWEILER,0.760671,LABRADOR_RETRIEVER,0.0965847,STAFFORDSHIRE_BULLTERRIER,0.0403326
163,681523177663676416,http://twitter.com/download/iphone,This is Carly. She's actually 2 dogs fused together. Very innovative. Probably has superpowers. 12/10 for double dog,12,Carly,681523177663676416,,6290,15136,Dec,2015,https://pbs.twimg.com/media/CXVBtX_WwAEuqbP.jpg,NORFOLK_TERRIER,0.205067,GERMAN_SHEPHERD,0.160439,CHOW,0.15623399999999998
164,681320187870711809,http://twitter.com/download/iphone,This is Glacier. He's a very happy pup. Loves to sing in the sunlight. 11/10,11,Glacier,681320187870711809,,820,2805,Dec,2015,https://pbs.twimg.com/media/CXSJGAQUQAAoG9Q.jpg,SAMOYED,0.362596,ESKIMO_DOG,0.245395,SIBERIAN_HUSKY,0.108232
165,681193455364796417,http://twitter.com/download/iphone,This is Aspen. He's astronomically fluffy. I wouldn't stop petting this dog if the world was ending around me 11/10,11,Aspen,681193455364796417,,1611,3925,Dec,2015,https://pbs.twimg.com/media/CXQV03pWYAAVniz.jpg,POMERANIAN,0.992619,KEESHOND,0.00435645,SCHIPPERKE,0.000814
166,680940246314430465,http://twitter.com/download/iphone,This is Alice. She's an idiot. 4/10,4,Alice,680940246314430465,,1140,3407,Dec,2015,https://pbs.twimg.com/media/CXMvio7WQAAPZJj.jpg,SOFT-COATED_WHEATEN_TERRIER,0.289598,WEST_HIGHLAND_WHITE_TERRIER,0.157195,TOY_POODLE,0.07443469999999999
167,680889648562991104,http://twitter.com/download/iphone,This is Cheesy. It's her birthday. She's patiently waiting to eat her party muffin. 9/10 happy birthday pup,9,Cheesy,680889648562991104,,395,1863,Dec,2015,https://pbs.twimg.com/media/CXMBhXfWEAA4mMI.jpg,SHETLAND_SHEEPDOG,0.876337,COLLIE,0.078331,POMERANIAN,0.0204075
168,680836378243002368,http://twitter.com/download/iphone,This is Ellie. She's secretly ferocious. 12/10 very deadly pupper,12,Ellie,680836378243002368,,1435,3652,Dec,2015,https://pbs.twimg.com/media/CXLREjOW8AElfk6.jpg,PEMBROKE,0.427781,SHETLAND_SHEEPDOG,0.160669,POMERANIAN,0.11125
169,680609293079592961,http://twitter.com/download/iphone,This is Brody. That is his chair. He loves his chair. Never leaves it. 9/10 might be stuck actually,9,Brody,680609293079592961,,772,2784,Dec,2015,https://pbs.twimg.com/media/CXICiB9UwAE1sKY.jpg,FRENCH_BULLDOG,0.700764,CHIHUAHUA,0.07238960000000001,AMERICAN_STAFFORDSHIRE_TERRIER,0.039618699999999986
170,680473011644985345,http://twitter.com/download/iphone,"This is Hector. He thinks he's a hammer. Silly Hector. You're a pupper, not a hammer. 10/10",10,Hector,680473011644985345,,806,2685,Dec,2015,https://pbs.twimg.com/media/CXGGlzvWYAArPfk.jpg,LAKELAND_TERRIER,0.796694,WEST_HIGHLAND_WHITE_TERRIER,0.138709,NORWICH_TERRIER,0.016253399999999998
171,680115823365742593,http://twitter.com/download/iphone,This is Ozzy. He woke up 2 minutes before he had to be ready for the Christmas party. 9/10 classic Ozzy,9,Ozzy,680115823365742593,,979,2865,Dec,2015,https://pbs.twimg.com/media/CXBBurSWMAELewi.jpg,PUG,0.999365,FRENCH_BULLDOG,0.000543615,BOSTON_BULL,2.8152800000000006e-05
172,679844490799091713,http://twitter.com/download/iphone,This is Willie. He's floating away and needs your assistance. Please someone help Willie. 10/10,10,Willie,679844490799091713,,828,2500,Dec,2015,https://pbs.twimg.com/media/CW9K9VeVAAE0j-x.jpg,AIREDALE,0.903832,BORDER_TERRIER,0.0347126,TOY_POODLE,0.021378
173,679777920601223168,http://twitter.com/download/iphone,This is Rinna. She's melting. 10/10 get inside pupper,10,Rinna,679777920601223168,,1204,3251,Dec,2015,https://pbs.twimg.com/media/CW8OYajUMAAPRoF.jpg,BLOODHOUND,0.5288189999999999,BULL_MASTIFF,0.420119,FRENCH_BULLDOG,0.00948059
174,679722016581222400,http://twitter.com/download/iphone,This is Mike. He is a Jordanian Frito Pilates. Frowning because he can't see directly in front of him. 8/10,8,Mike,679722016581222400,,508,1743,Dec,2015,https://pbs.twimg.com/media/CW7bkW6WQAAksgB.jpg,BOXER,0.459604,BOSTON_BULL,0.197913,FRENCH_BULLDOG,0.0870225
175,678798276842360832,http://twitter.com/download/iphone,This is Linda. She fucking hates trees. 7/10,7,Linda,678798276842360832,,1277,3664,Dec,2015,https://pbs.twimg.com/media/CWuTbAKUsAAvZHh.jpg,AIREDALE,0.583122,SILKY_TERRIER,0.12956700000000002,LAKELAND_TERRIER,0.0947266
176,678755239630127104,http://twitter.com/download/iphone,This is Dash. He didn't think the water would be that cold. Damn it Dash it's December. Think a little. 10/10,10,Dash,678755239630127104,,3561,7511,Dec,2015,https://pbs.twimg.com/media/CWtsSQAUkAAnWws.jpg,MALAMUTE,0.606654,BORDER_COLLIE,0.193831,COLLIE,0.0483781
177,678424312106393600,http://twitter.com/download/iphone,This is Crystal. She's a shitty fireman. No sense of urgency. People could be dying Crystal. 2/10 just irresponsible,2,Crystal,678424312106393600,,2733,5687,Dec,2015,https://pbs.twimg.com/media/CWo_T8gW4AAgJNo.jpg,MALTESE_DOG,0.759945,TOY_POODLE,0.101194,SHIH-TZU,0.0560374
178,678389028614488064,http://twitter.com/download/iphone,"This is Bella. She just learned that her final grade in chem was a 92.49 
poor pupper 11/10",11,Bella,678389028614488064,,452,1961,Dec,2015,https://pbs.twimg.com/media/CWofOHUWUAACGVa.jpg,MINIATURE_PINSCHER,0.516284,KELPIE,0.227402,VIZSLA,0.103246
179,678334497360859136,http://twitter.com/download/iphone,This is Rosie. She has a snazzy bow tie and a fin for a tail. Probably super fast underwater. Cool socks 10/10,10,Rosie,678334497360859136,,286,1367,Dec,2015,https://pbs.twimg.com/media/CWntoDVWcAEl3NB.jpg,NORFOLK_TERRIER,0.378643,GOLDEN_RETRIEVER,0.0955939,KELPIE,0.0853092
180,678255464182861824,http://twitter.com/download/iphone,This is Jessifer. She is a Bismoth Teriyaki. Flowers being attacked by hurricanes on bandana (rad). 9/10 stellar pup,9,Jessifer,678255464182861824,,399,1664,Dec,2015,https://pbs.twimg.com/media/CWmlvxJU4AEAqaN.jpg,CHIHUAHUA,0.613819,YORKSHIRE_TERRIER,0.127931,POMERANIAN,0.062124300000000014
181,678021115718029313,http://twitter.com/download/iphone,This is Reese. He likes holding hands. 12/10,12,Reese,678021115718029313,,6828,14438,Dec,2015,https://pbs.twimg.com/media/CWjQm5gXAAA9GkD.jpg,MINIATURE_PINSCHER,0.822048,DOBERMAN,0.0960845,ROTTWEILER,0.032709300000000004
182,677698403548192770,http://twitter.com/download/iphone,This is Sadie. She got her holidays confused. 9/10 damn it Sadie,9,Sadie,677698403548192770,,340,1285,Dec,2015,https://pbs.twimg.com/media/CWerGmOXAAAm6NY.jpg,SHIH-TZU,0.916645,LHASA,0.057883400000000015,PEKINESE,0.0201258
183,677301033169788928,http://twitter.com/download/iphone,This is Juckson. He's totally on his way to a nascar race. 5/10 for Juckson,5,Juckson,677301033169788928,,437,1303,Dec,2015,https://pbs.twimg.com/media/CWZBsjPWsAAZFFl.jpg,JAPANESE_SPANIEL,0.6611779999999999,PEKINESE,0.150119,CHIHUAHUA,0.11972
184,676975532580409345,http://twitter.com/download/iphone,This is Cooper. He doesn't know how cheese works. Likes the way it feels on his face. Cheeky tongue slip. 11/10,11,Cooper,676975532580409345,,1144,2898,Dec,2015,https://pbs.twimg.com/media/CWUZpydWcAAeipD.jpg,MALAMUTE,0.363257,SIBERIAN_HUSKY,0.245862,ESKIMO_DOG,0.125547
185,676949632774234114,http://twitter.com/download/iphone,This is Tyrus. He's a Speckled Centennial Ticonderoga. Terrified of floating red ball. Nifty bandana. 8/10 v petable,8,Tyrus,676949632774234114,,423,1359,Dec,2015,https://pbs.twimg.com/media/CWUCGMtWEAAjXnS.jpg,WELSH_SPRINGER_SPANIEL,0.206479,SAINT_BERNARD,0.13933900000000002,BOXER,0.114606
186,676603393314578432,http://twitter.com/download/iphone,This is Godzilla pupper. He had a ruff childhood &amp; now deflects that pain outward by terrorizing cities. Tragic 9/10,9,Godzilla,676603393314578432,,417,1225,Dec,2015,https://pbs.twimg.com/media/CWPHMqKVAAAE78E.jpg,WHIPPET,0.8770209999999999,GREAT_DANE,0.0341819,BOXER,0.028404
187,676588346097852417,http://twitter.com/download/iphone,This is Bubbles. He kinda resembles a fish. Always makes eye contact with u no matter what. Sneaky tongue slip. 5/10,5,Bubbles,676588346097852417,,854,2443,Dec,2015,https://pbs.twimg.com/media/CWO5gmCUYAAX4WA.jpg,BOSTON_BULL,0.976577,FRENCH_BULLDOG,0.0143237,CHIHUAHUA,0.00230192
188,675891555769696257,http://twitter.com/download/iphone,This is Donny. He's summoning the demon monster Babadook. 6/10 Donny please no that won't be a good time for anyone,6,Donny,675891555769696257,,929,2223,Dec,2015,https://pbs.twimg.com/media/CWE_x33UwAEE3no.jpg,ITALIAN_GREYHOUND,0.305637,WHIPPET,0.232057,GREAT_DANE,0.117806
189,675845657354215424,http://twitter.com/download/iphone,"This is Pepper. She's not fully comfortable riding her imaginary bike yet. 10/10 don't worry pupper, it gets easier",10,Pepper,675845657354215424,,945,2376,Dec,2015,https://pbs.twimg.com/media/CWEWClfW4AAnqhG.jpg,PUG,0.8839520000000001,BOSTON_BULL,0.0110568,FRENCH_BULLDOG,0.00983981
190,675798442703122432,http://twitter.com/download/iphone,This is Bernie. He just touched a boob for the first time. 10/10,10,Bernie,675798442703122432,,3593,10649,Dec,2015,https://pbs.twimg.com/media/CWDrGH4UYAARoq_.jpg,BEAGLE,0.681218,BASSET,0.125121,BOXER,0.0803982
191,675710890956750848,http://twitter.com/download/iphone,This is Lenny. He was just told that he couldn't explore the fish tank. 12/10 smh all that work for nothing,12,Lenny,675710890956750848,,880,1965,Dec,2015,https://pbs.twimg.com/media/CWCbd8ZWoAAtqoH.jpg,STANDARD_SCHNAUZER,0.4414270000000001,MINIATURE_SCHNAUZER,0.248885,SEALYHAM_TERRIER,0.164967
192,675531475945709568,http://twitter.com/download/iphone,This is Ellie AKA Queen Slayer of the Orbs. Very self-motivated. Great yard. Rad foliage. 10/10 would pet diligently,10,Ellie,675531475945709568,,410,1227,Dec,2015,https://pbs.twimg.com/media/CV_4ShmUYAA3wNu.jpg,PEMBROKE,0.918441,CARDIGAN,0.0273395,SIBERIAN_HUSKY,0.020221
193,674743008475090944,http://twitter.com/download/iphone,This is Sophie. She just saw a spider. 10/10 don't just stand there Sophie,10,Sophie,674743008475090944,,582,1449,Dec,2015,https://pbs.twimg.com/media/CV0rL7RWEAAbhqm.jpg,BERNESE_MOUNTAIN_DOG,0.583054,SHETLAND_SHEEPDOG,0.0659904,GREATER_SWISS_MOUNTAIN_DOG,0.0652362
194,674468880899788800,http://twitter.com/download/iphone,This is Louis. He thinks he's flying. 13/10 this is a legendary pup,13,Louis,674468880899788800,,2171,6423,Dec,2015,https://pbs.twimg.com/media/CVwx3dQXAAA0ksL.jpg,CHOW,0.52623,POMERANIAN,0.283647,TOY_POODLE,0.0676654
195,674416750885273600,http://twitter.com/download/iphone,This is Jonah. He's a Stinted Fisher Price. Enjoys chewing on his miniature RipStik. 10/10 very upbeat fellow,10,Jonah,674416750885273600,,147,705,Dec,2015,https://pbs.twimg.com/media/CVwCdCFW4AUHY4D.jpg,CHIHUAHUA,0.28720100000000004,BOSTON_BULL,0.25092,WHIPPET,0.141012
196,674291837063053312,http://twitter.com/download/iphone,This is Kenny. He just wants to be included in the happenings. 11/10,11,Kenny,674291837063053312,,6193,15220,Dec,2015,https://pbs.twimg.com/media/CVuQ2LeUsAAIe3s.jpg,CARDIGAN,0.611525,PEMBROKE,0.368566,CHIHUAHUA,0.00332957
197,674269164442398721,http://twitter.com/download/iphone,"This is Bob. He's a Juniper Fitzsimmons. His body is 2, but his face is 85. Always looks miserable. Nice stool. 8/10",8,Bob,674269164442398721,,238,926,Dec,2015,https://pbs.twimg.com/media/CVt8OmIWIAAbxvJ.jpg,PUG,0.6229210000000001,NORWEGIAN_ELKHOUND,0.0486585,CARDIGAN,0.0169655
198,674262580978937856,http://twitter.com/download/iphone,This is Gus. He's super stoked about being an elephant. Couldn't be happier. 9/10 for elephant pupper,9,Gus,674262580978937856,,479,1342,Dec,2015,https://pbs.twimg.com/media/CVt2PawWIAEUkqW.jpg,GREATER_SWISS_MOUNTAIN_DOG,0.519428,BOXER,0.1215,STAFFORDSHIRE_BULLTERRIER,0.114498
199,674053186244734976,http://twitter.com/download/iphone,"This is Stanley. Yes he is aware of the spoon's presence, he just doesn't know what he should do about it. 10/10",10,Stanley,674053186244734976,,1365,3424,Dec,2015,https://pbs.twimg.com/media/CVq3zAaWwAA8vpk.jpg,CARDIGAN,0.984725,PEMBROKE,0.00873039,KELPIE,0.00219477
200,674038233588723717,http://twitter.com/download/iphone,This is Kaiya. She's an aspiring shoe model. 12/10 follow your dreams pupper,12,Kaiya,674038233588723717,,428,1133,Dec,2015,https://pbs.twimg.com/media/CVqqMtiVEAEye_L.jpg,ESKIMO_DOG,0.358459,NORWEGIAN_ELKHOUND,0.206963,MALAMUTE,0.14823599999999998
201,674019345211760640,http://twitter.com/download/iphone,This is Acro. You briefly see her out of the corner of your eye. You look and she's not there. 10/10 mysterious pup,10,Acro,674019345211760640,,313,1169,Dec,2015,https://pbs.twimg.com/media/CVqZBO8WUAAd931.jpg,COLLIE,0.992732,BORZOI,0.0050429,SHETLAND_SHEEPDOG,0.00172478
202,673708611235921920,http://twitter.com/download/iphone,This is Riley. She's just an adorable football fan. 12/10 I'd watch the sports with her,12,Riley,673708611235921920,,299,1104,Dec,2015,https://pbs.twimg.com/media/CVl-Z0dWcAAs7wr.jpg,GOLDEN_RETRIEVER,0.936333,COCKER_SPANIEL,0.0242109,LABRADOR_RETRIEVER,0.00943485
203,673707060090052608,http://twitter.com/download/iphone,This is Raymond. He's absolutely terrified of floating tennis ball. 10/10 it'll be ok pupper,10,Raymond,673707060090052608,,407,1125,Dec,2015,https://pbs.twimg.com/media/CVl8_EPWoAAcuSC.jpg,GERMAN_SHORT-HAIRED_POINTER,0.935771,KELPIE,0.022561,LABRADOR_RETRIEVER,0.00884665
204,673662677122719744,http://twitter.com/download/iphone,This is Kendall. 12/10 would cuddle the hell out of,12,Kendall,673662677122719744,,378,1283,Dec,2015,https://pbs.twimg.com/media/CVlUfBbUwAQyfcD.jpg,LABRADOR_RETRIEVER,0.95767,BEAGLE,0.0124127,GOLDEN_RETRIEVER,0.00568913
205,673656262056419329,http://twitter.com/download/iphone,This is Albert AKA King Banana Peel. He's a kind ruler of the kitchen. Very jubilant pupper. 10/10 overall great dog,10,Albert,673656262056419329,,253,737,Dec,2015,https://pbs.twimg.com/media/CVlOy3pW4AQ9H1K.jpg,BULL_MASTIFF,0.700625,RHODESIAN_RIDGEBACK,0.0946977,BRABANCON_GRIFFON,0.0575594
206,673359818736984064,http://twitter.com/download/iphone,This is Steve. He was just relaxing in hot tub when he was intruded upon. 8/10 poor little pup,8,Steve,673359818736984064,,700,1491,Dec,2015,https://pbs.twimg.com/media/CVhBLohWEAAXtYl.jpg,ENGLISH_SETTER,0.6965680000000001,BRITTANY_SPANIEL,0.104046,IBIZAN_HOUND,0.034832499999999995
207,673355879178194945,http://twitter.com/download/iphone,This is Koda. She's a boss. Helps shift gears. Can even drive herself. Still no seat belt (reckless af). 11/10,11,Koda,673355879178194945,,609,1534,Dec,2015,https://pbs.twimg.com/media/CVg9mTYWIAAu7J6.jpg,ROTTWEILER,0.5292479999999999,MINIATURE_PINSCHER,0.168296,APPENZELLER,0.100452
208,673320132811366400,http://twitter.com/download/iphone,This is Frankie. He's wearing blush. 11/10 really accents the cheek bones,11,Frankie,673320132811366400,,8303,13837,Dec,2015,https://pbs.twimg.com/media/CVgdFjNWEAAxmbq.jpg,SAMOYED,0.978833,POMERANIAN,0.012763,ESKIMO_DOG,0.00185305
209,673270968295534593,http://twitter.com/download/iphone,This is Mac. His dad's probably a lawyer. 11/10,11,Mac,673270968295534593,,386,1093,Dec,2015,https://pbs.twimg.com/media/CVfwXuWWIAAqnoi.jpg,SHIH-TZU,0.610453,MALTESE_DOG,0.16681500000000002,OLD_ENGLISH_SHEEPDOG,0.13201500000000002
210,673213039743795200,http://twitter.com/download/iphone,This is Dexter. He just got some big news. 10/10,10,Dexter,673213039743795200,,882,2312,Dec,2015,https://pbs.twimg.com/media/CVe7r7QVEAAc4Bg.jpg,SCHIPPERKE,0.8880819999999999,GROENENDAEL,0.0477274,KELPIE,0.041398
211,672995267319328768,http://twitter.com/download/iphone,This is Pumpkin. He can look in two different directions at once. Great with a screwdriver. 8/10,8,Pumpkin,672995267319328768,,309,978,Dec,2015,https://pbs.twimg.com/media/CVb1mRiWcAADBsE.jpg,FRENCH_BULLDOG,0.7195590000000001,BOXER,0.166927,BOSTON_BULL,0.101354
212,672988786805112832,http://twitter.com/download/iphone,This is Schnozz. He's had a blurred tail since birth. Hasn't let that stop him. 10/10 inspirational pupper,10,Schnozz,672988786805112832,,303,1002,Dec,2015,https://pbs.twimg.com/media/CVbvjKqW4AA_CuD.jpg,LAKELAND_TERRIER,0.8366319999999999,WEST_HIGHLAND_WHITE_TERRIER,0.07389960000000001,WIRE-HAIRED_FOX_TERRIER,0.0381601
213,672975131468300288,http://twitter.com/download/iphone,This is Chuckles. He is one skeptical pupper. 10/10 stay woke Chuckles,10,Chuckles,672975131468300288,,953,1723,Dec,2015,https://pbs.twimg.com/media/CVbjRSIWsAElw2s.jpg,PUG,0.8364209999999999,BRABANCON_GRIFFON,0.044667800000000014,FRENCH_BULLDOG,0.0365705
214,672968025906282496,http://twitter.com/download/iphone,This is Gustaf. He's a purebred Chevy Equinox. Loves to shred. Gnarly lil pup. Great with the babes. 11/10,11,Gustaf,672968025906282496,,569,1347,Dec,2015,https://pbs.twimg.com/media/CVbc2V2WsAE3-kn.jpg,TOY_POODLE,0.678046,MINIATURE_POODLE,0.160273,AIREDALE,0.06564869999999999
215,672964561327235073,http://twitter.com/download/iphone,This is Terry. He's a Toasty Western Sriracha. Doubles as a table. Great for parties. 10/10 would highly recommend,10,Terry,672964561327235073,,667,1457,Dec,2015,https://pbs.twimg.com/media/CVbZsouWUAIsxMc.jpg,CHIHUAHUA,0.292343,PUG,0.17336400000000002,FRENCH_BULLDOG,0.0455071
216,672877615439593473,http://twitter.com/download/iphone,This is Oscar. He's getting bombarded with the snacks. Not sure he's happy about it. 8/10 for Oscar,8,Oscar,672877615439593473,,382,1054,Dec,2015,https://pbs.twimg.com/media/CVaKn75XAAEU09u.jpg,CHIHUAHUA,0.412362,BEAGLE,0.0680661,BORZOI,0.0450712
217,672640509974827008,http://twitter.com/download/iphone,This is Leonidas. He just got rekt by a snowball. 9/10 doggy down,9,Leonidas,672640509974827008,,334,996,Dec,2015,https://pbs.twimg.com/media/CVWy9v-VAAALSoE.jpg,CHESAPEAKE_BAY_RETRIEVER,0.420155,CARDIGAN,0.26603000000000004,LABRADOR_RETRIEVER,0.0425145
218,672591762242805761,http://twitter.com/download/iphone,This is Taz. He boxes leaves. 10/10,10,Taz,672591762242805761,,345,972,Dec,2015,https://pbs.twimg.com/media/CVWGotpXAAMRfGq.jpg,KUVASZ,0.777659,GREAT_PYRENEES,0.112517,GOLDEN_RETRIEVER,0.0383509
219,672488522314567680,http://twitter.com/download/iphone,"This is Jackie. She was all ready to go out, but her friends just cancelled on her. 10/10 hang in there Jackie",10,Jackie,672488522314567680,,455,1145,Dec,2015,https://pbs.twimg.com/media/CVUovvHWwAAD-nu.jpg,DOBERMAN,0.605358,ROTTWEILER,0.108382,APPENZELLER,0.0777977
220,672254177670729728,http://twitter.com/download/iphone,This is Rolf. He's having the time of his life. 11/10 good pupper,11,Rolf,672254177670729728,,767,1470,Dec,2015,https://pbs.twimg.com/media/CVRTmz1WcAA4uMF.jpg,PUG,0.979487,FRENCH_BULLDOG,0.0168504,NORWEGIAN_ELKHOUND,0.00161754
221,672239279297454080,http://twitter.com/download/iphone,This is Ridley. He doesn't know how to couch. 7/10,7,Ridley,672239279297454080,,330,916,Dec,2015,https://pbs.twimg.com/media/CVRGDrsWsAAUWSF.jpg,PUG,0.332536,FRENCH_BULLDOG,0.258124,BULL_MASTIFF,0.120873
222,672222792075620352,http://twitter.com/download/iphone,This is Cal. He's a Swedish Geriatric Cheddar. Upset because the pope is laughing at his eyebrows. 9/10,9,Cal,672222792075620352,,221,804,Dec,2015,https://pbs.twimg.com/media/CVQ3EDdWIAINyhM.jpg,BEAGLE,0.958178,BASSET,0.00911731,ITALIAN_GREYHOUND,0.00773105
223,672169685991993344,http://twitter.com/download/iphone,This is Bradley. That is his sandwich. He carries it everywhere. 10/10,10,Bradley,672169685991993344,,383,1046,Dec,2015,https://pbs.twimg.com/media/CVQGv-vUwAEUjCj.jpg,COCKER_SPANIEL,0.991011,SUSSEX_SPANIEL,0.00403213,MINIATURE_POODLE,0.00127564
224,672160042234327040,http://twitter.com/download/iphone,This is Bubba. He's a Titted Peebles Aorta. Evolutionary masterpiece. Comfortable with his body. 8/10 great pupper,8,Bubba,672160042234327040,,372,891,Dec,2015,https://pbs.twimg.com/media/CVP9_beUEAAwURR.jpg,PUG,0.561027,FRENCH_BULLDOG,0.222114,LABRADOR_RETRIEVER,0.0654556
225,672095186491711488,http://twitter.com/download/iphone,This is Tuco. That's the toast that killed his father. 9/10,9,Tuco,672095186491711488,,379,1019,Dec,2015,https://pbs.twimg.com/media/CVPDAR9XIAAm8QB.jpg,PUG,0.794087,FRENCH_BULLDOG,0.140796,BULL_MASTIFF,0.0446811
226,671536543010570240,http://twitter.com/download/iphone,This is Reginald. He's pondering what life would be like without so much damn skin. 9/10 it'll be ok buddy,9,Reginald,671536543010570240,,424,1207,Dec,2015,https://pbs.twimg.com/media/CVHG6_AWwAEJf_u.jpg,PUG,0.537652,BULL_MASTIFF,0.220617,FRENCH_BULLDOG,0.06829650000000001
227,671518598289059840,http://twitter.com/download/iphone,This is Scruffers. He's being violated on multiple levels and is not happy about it. 9/10 hang in there Scruffers,9,Scruffers,671518598289059840,,303,971,Dec,2015,https://pbs.twimg.com/media/CVG2l9jUYAAwg-w.jpg,LAKELAND_TERRIER,0.428275,WIRE-HAIRED_FOX_TERRIER,0.111472,TOY_POODLE,0.105016
228,671355857343524864,http://twitter.com/download/iphone,This is Lou. He's a Petrarch Sunni Pinto. Well-behaved pup. Little legs just hang there. 10/10 would pet firmly,10,Lou,671355857343524864,,117,489,Nov,2015,https://pbs.twimg.com/media/CVEilyCUwAETbJ-.jpg,MINIATURE_POODLE,0.313811,TOY_POODLE,0.16558499999999998,IRISH_TERRIER,0.0560941
229,671186162933985280,http://twitter.com/download/iphone,This is Sparky. That's his pancake now. He will raise it as his own. 10/10,10,Sparky,671186162933985280,,222,753,Nov,2015,https://pbs.twimg.com/media/CVCIQX7UkAEzqh_.jpg,CHIHUAHUA,0.319106,WHIPPET,0.16913399999999998,TOY_TERRIER,0.125815
230,671109016219725825,http://twitter.com/download/iphone,This is Toby. He asked for chocolate cake for his birthday but was given vanilla instead. 8/10 it'll be ok Toby,8,Toby,671109016219725825,,457,1171,Nov,2015,https://pbs.twimg.com/media/CVBCFkyU4AE2Wcr.jpg,BASENJI,0.855959,BEAGLE,0.0367231,TOY_TERRIER,0.0292578
231,670823764196741120,http://twitter.com/download/iphone,This is Remington. He's a man dime. 12/10,12,Remington,670823764196741120,,198,796,Nov,2015,https://pbs.twimg.com/media/CU8-puBWwAAR8Xl.jpg,LABRADOR_RETRIEVER,0.947453,GERMAN_SHORT-HAIRED_POINTER,0.017000599999999998,WEIMARANER,0.0154321
232,670815497391357952,http://twitter.com/download/iphone,This is Sage. He likes to burn shit. 10/10,10,Sage,670815497391357952,,1601,3250,Nov,2015,https://pbs.twimg.com/media/CU83IZ8W4AEIh4y.jpg,AMERICAN_STAFFORDSHIRE_TERRIER,0.919714,STAFFORDSHIRE_BULLTERRIER,0.0734302,BULL_MASTIFF,0.000905679
233,670797304698376195,http://twitter.com/download/iphone,This is Trigger. He was minding his own business on stair when he overheard someone say they don't like bacon. 11/10,11,Trigger,670797304698376195,,246,752,Nov,2015,https://pbs.twimg.com/media/CU8mlhoVAAAteS5.jpg,PEMBROKE,0.472197,BEAGLE,0.090938,GERMAN_SHEPHERD,0.06436599999999999
234,670679630144274432,http://twitter.com/download/iphone,This is Pluto. He's holding little waddling dog hostage. Little waddling dog very desperate at this point sos. 8/10,8,Pluto,670679630144274432,,297,765,Nov,2015,https://pbs.twimg.com/media/CU67jGSUkAAk_1Y.jpg,IBIZAN_HOUND,0.34273400000000004,BRITTANY_SPANIEL,0.229065,CHIHUAHUA,0.104029
235,670676092097810432,http://twitter.com/download/iphone,This is Bloo. He's a Westminster CÃ®roc. Doesn't think Bart deserves legs. Nice flowers. 8/10,8,Bloo,670676092097810432,,45,260,Nov,2015,https://pbs.twimg.com/media/CU64WOlWcAA37TV.jpg,DANDIE_DINMONT,0.6761020000000001,WEST_HIGHLAND_WHITE_TERRIER,0.0408256,CLUMBER,0.0395333
236,670444955656130560,http://twitter.com/download/iphone,This is Paull. He just stubbed his toe. 10/10 deep breaths Paull,10,Paull,670444955656130560,,2049,6873,Nov,2015,https://pbs.twimg.com/media/CU3mITUWIAAfyQS.jpg,ENGLISH_SPRINGER,0.403698,BRITTANY_SPANIEL,0.347609,WELSH_SPRINGER_SPANIEL,0.137186
237,670428280563085312,http://twitter.com/download/iphone,This is Willy. He's millennial af. 11/10,11,Willy,670428280563085312,,657,1417,Nov,2015,https://pbs.twimg.com/media/CU3W9ELWEAEdUA0.jpg,CHOW,0.335269,GOLDEN_RETRIEVER,0.30585,TIBETAN_MASTIFF,0.0633253
238,670403879788544000,http://twitter.com/download/iphone,This is Nigel. He accidentally popped his ball after dunking so hard the backboard shattered. 10/10 great great pup,10,Nigel,670403879788544000,,163,445,Nov,2015,https://pbs.twimg.com/media/CU3AxW1WoAA3_35.jpg,PUG,0.8022229999999999,FRENCH_BULLDOG,0.172557,BULL_MASTIFF,0.0071628
239,670338931251150849,http://twitter.com/download/iphone,This is Butters. He's not ready for Thanksgiving to be over. 10/10 poor Butters,10,Butters,670338931251150849,,116,438,Nov,2015,https://pbs.twimg.com/media/CU2FsRnVAAA3TEg.jpg,CAIRN,0.245033,WEST_HIGHLAND_WHITE_TERRIER,0.137709,MINIATURE_SCHNAUZER,0.0891725
240,670290420111441920,http://twitter.com/download/iphone,This is Sandra. She's going skydiving. Nice adidas sandals. Stellar house plant. 11/10,11,Sandra,670290420111441920,,298,725,Nov,2015,https://pbs.twimg.com/media/CU1Zgk7UcAAjw2t.jpg,CHIHUAHUA,0.368876,POMERANIAN,0.282102,PAPILLON,0.178795
241,670093938074779648,http://twitter.com/download/iphone,This is Wally. He's a Flaccid Mitochondria. Going on vacation. Bag definitely full of treats. Great hat. 9/10,9,Wally,670093938074779648,,349,1059,Nov,2015,https://pbs.twimg.com/media/CUym4Y5WsAEiI9_.jpg,TOY_POODLE,0.383346,MINIATURE_POODLE,0.153678,CHOW,0.138543
242,670061506722140161,http://twitter.com/download/iphone,"This is Liam. He has a particular set of skills. He will look for you, he will find you, and he will kill you. 11/10",11,Liam,670061506722140161,,353,784,Nov,2015,https://pbs.twimg.com/media/CUyJYk1WoAMPROb.jpg,ITALIAN_GREYHOUND,0.329339,AMERICAN_STAFFORDSHIRE_TERRIER,0.305294,WHIPPET,0.111686
243,670046952931721218,http://twitter.com/download/iphone,This is Ben &amp; Carson. It's impossible for them to tilt their heads in the same direction. Cheeky wink by Ben. 11/10s,11,Ben,670046952931721218,,181,661,Nov,2015,https://pbs.twimg.com/media/CUx8JSEXIAU6zPp.jpg,BLENHEIM_SPANIEL,0.998335,BEAGLE,0.000647289,BRITTANY_SPANIEL,0.000391866
244,670003130994700288,http://twitter.com/download/iphone,This is Raphael. He is a Baskerville Conquistador. Entertains at all the gatherings. 10/10 simply magnificent,10,Raphael,670003130994700288,,96,342,Nov,2015,https://pbs.twimg.com/media/CUxUSuaW4AAdQzv.jpg,BEAGLE,0.375313,SAINT_BERNARD,0.17491099999999998,ENGLISH_FOXHOUND,0.115888
245,669970042633789440,http://twitter.com/download/iphone,This is Julio. He was one of the original Ringling Bros. Exceptional balance. Very alert. Ready for anything. 10/10,10,Julio,669970042633789440,,63,310,Nov,2015,https://pbs.twimg.com/media/CUw2MV4XIAAHLO_.jpg,MINIATURE_PINSCHER,0.734744,ROTTWEILER,0.13106600000000002,DOBERMAN,0.0815094
246,669942763794931712,http://twitter.com/download/iphone,This is Andru. He made his very own lacrosse stick. Much dedication. Big dreams. Tongue slip. 11/10 go get em Andru,11,Andru,669942763794931712,,173,521,Nov,2015,https://pbs.twimg.com/media/CUwdYL5UsAAP0XX.jpg,VIZSLA,0.743216,REDBONE,0.217282,RHODESIAN_RIDGEBACK,0.0284735
247,669683899023405056,http://twitter.com/download/iphone,This is Kloey. Her mother was a unicorn. 10/10,10,Kloey,669683899023405056,,114,398,Nov,2015,https://pbs.twimg.com/media/CUsx8q_WUAA-m4k.jpg,POMERANIAN,0.998275,CHIHUAHUA,0.000605476,PEKINESE,0.000515688
248,669573570759163904,http://twitter.com/download/iphone,This is Linda. She just looked up and saw you glancing at your neighboring classmate's test. 10/10,10,Linda,669573570759163904,,147,447,Nov,2015,https://pbs.twimg.com/media/CUrNmtFWoAAnWCD.jpg,WEST_HIGHLAND_WHITE_TERRIER,0.946828,MINIATURE_SCHNAUZER,0.0223436,CAIRN,0.00946166
249,669371483794317312,http://twitter.com/download/iphone,This is OliviÃ©r. He's a Baptist Hindquarter. Also smooth af with the babes. 10/10 I'd totally get in a car with him,10,Olivi,669371483794317312,,187,509,Nov,2015,https://pbs.twimg.com/media/CUoVz8rU8AAfW-c.jpg,BRABANCON_GRIFFON,0.483268,MINIATURE_PINSCHER,0.307465,REDBONE,0.07052380000000001
250,669367896104181761,http://twitter.com/download/iphone,This is Chip. Chip's pretending to be choked. 10/10 lol classic Chip,10,Chip,669367896104181761,,164,474,Nov,2015,https://pbs.twimg.com/media/CUoSjTnWwAANNak.jpg,BASSET,0.749394,BEAGLE,0.133579,WELSH_SPRINGER_SPANIEL,0.030198400000000007
251,669328503091937280,http://twitter.com/download/iphone,This is Kirk. He just saw a bacon wrapped tennis ball and literally died. So sad. 12/10 RIP Kirk,12,Kirk,669328503091937280,,432,1034,Nov,2015,https://pbs.twimg.com/media/CUnuuLEWEAAlKjN.jpg,SIBERIAN_HUSKY,0.424202,ESKIMO_DOG,0.23766,MALAMUTE,0.0525717
252,669216679721873412,http://twitter.com/download/iphone,This is Clarq. He's a golden Quetzalcoatl. Clarq enjoys eating his own foot. Damn it Clarq. 8/10 would pet firmly,8,Clarq,669216679721873412,,416,1215,Nov,2015,https://pbs.twimg.com/media/CUmJBS5WUAAKtrP.jpg,GOLDEN_RETRIEVER,0.992758,IRISH_SETTER,0.00337904,SALUKI,0.00122963
253,669203728096960512,http://twitter.com/download/iphone,This is Samsom. He is sexually confused. Really wants to be a triceratops. 9/10 just a great guy,9,Samsom,669203728096960512,,497,1030,Nov,2015,https://pbs.twimg.com/media/CUl9PGBVEAUV3Wz.jpg,PUG,0.910452,FRENCH_BULLDOG,0.0550896,CHIHUAHUA,0.0148966
254,668979806671884288,http://twitter.com/download/iphone,This is Chaz. He's an X Games half pipe superstar. 6 gold medals. Lost back legs saving a baby from a tornado 12/10,12,Chaz,668979806671884288,,362,811,Nov,2015,https://pbs.twimg.com/media/CUixld6WoAArDrJ.jpg,GOLDEN_RETRIEVER,0.608537,IRISH_SETTER,0.097078,REDBONE,0.0760222
255,668975677807423489,http://twitter.com/download/iphone,This is Jeremy. He hasn't grown into his skin yet. Ears hit the floor. Probably trips on them sometimes. 11/10,11,Jeremy,668975677807423489,,604,1338,Nov,2015,https://pbs.twimg.com/media/CUit1O1WoAEBHjj.jpg,BASSET,0.605437,WELSH_SPRINGER_SPANIEL,0.184783,SAINT_BERNARD,0.116299
256,668932921458302977,http://twitter.com/download/iphone,This is Herald. He likes to swing. Subtle tongue slip. Owner good at b-ball. Creepy person on bench back there. 9/10,9,Herald,668932921458302977,,59,274,Nov,2015,https://pbs.twimg.com/media/CUiG6_ZXAAAPaw_.jpg,STANDARD_POODLE,0.237638,OLD_ENGLISH_SHEEPDOG,0.195573,TOY_POODLE,0.14465799999999998
257,668892474547511297,http://twitter.com/download/iphone,This is Ruffles. He is an Albanian Shoop Da Whoop. He just noticed the camera. Patriotic af. Classy hardwood. 11/10,11,Ruffles,668892474547511297,,156,408,Nov,2015,https://pbs.twimg.com/media/CUhiJ63WEAAw2qm.jpg,KELPIE,0.421979,COLLIE,0.22706,CARDIGAN,0.168211
258,668826086256599040,http://twitter.com/download/iphone,This is Banditt. He is a brown LaBeouf retriever. Loves cold weather. 4 smaller dogs are his sons (probably). 10/10,10,Banditt,668826086256599040,,144,446,Nov,2015,https://pbs.twimg.com/media/CUglxbFXAAA5O0d.jpg,MALINOIS,0.640185,IRISH_TERRIER,0.1537,RHODESIAN_RIDGEBACK,0.0684565
259,668633411083464705,http://twitter.com/download/iphone,This is Churlie. He likes bagels. 10/10,10,Churlie,668633411083464705,,1712,2886,Nov,2015,https://pbs.twimg.com/media/CUd2ieCUcAAexyT.jpg,PEKINESE,0.589011,SHIH-TZU,0.390987,JAPANESE_SPANIEL,0.00331035
260,668627278264475648,http://twitter.com/download/iphone,This is Timofy. He's a pilot for Southwest. It's Christmas morning &amp; everyone has gotten kickass gifts but him. 9/10,9,Timofy,668627278264475648,,118,326,Nov,2015,https://pbs.twimg.com/media/CUdw9thWsAA4mB9.jpg,FRENCH_BULLDOG,0.965403,PUG,0.00860381,BOSTON_BULL,0.00800356
261,668567822092664832,http://twitter.com/download/iphone,This is Marvin. He can tie a bow tie better than me. 11/10,11,Marvin,668567822092664832,,59,252,Nov,2015,https://pbs.twimg.com/media/CUc64knWoAkZt70.jpg,SHIH-TZU,0.985649,LHASA,0.00707832,PEKINESE,0.00305323
262,668537837512433665,http://twitter.com/download/iphone,This is Spark. He's nervous. Other dog hasn't moved in a while. Won't come when called. Doesn't fetch well 8/10&amp;1/10,8,Spark,668537837512433665,,78,258,Nov,2015,https://pbs.twimg.com/media/CUcfnWlWsAAzlwE.jpg,LAKELAND_TERRIER,0.372988,TOY_POODLE,0.250445,CHIHUAHUA,0.189737
263,668496999348633600,http://twitter.com/download/iphone,This is Jo. Jo is a Swedish Queso. Tongue bigger than face. Tiny lil legs. Still no seatbelt. Simply careless. 8/10,8,Jo,668496999348633600,,136,421,Nov,2015,https://pbs.twimg.com/media/CUb6ebKWcAAJkd0.jpg,STAFFORDSHIRE_BULLTERRIER,0.412879,MINIATURE_PINSCHER,0.16148800000000002,AMERICAN_STAFFORDSHIRE_TERRIER,0.112495
264,668204964695683073,http://twitter.com/download/iphone,This is Ron. Ron's currently experiencing a brain freeze. Damn it Ron. 8/10,8,Ron,668204964695683073,,200,564,Nov,2015,https://pbs.twimg.com/media/CUXw3qHWoAAk8HJ.jpg,LABRADOR_RETRIEVER,0.65518,GOLDEN_RETRIEVER,0.107884,CHESAPEAKE_BAY_RETRIEVER,0.0658347
265,668190681446379520,http://twitter.com/download/iphone,This is Skittles. I would kidnap Skittles. Pink dog in back hasn't moved in days. 12/10,12,Skittles,668190681446379520,,200,666,Nov,2015,https://pbs.twimg.com/media/CUXj4SgXAAETlu6.jpg,BLENHEIM_SPANIEL,0.958402,COCKER_SPANIEL,0.0267643,WELSH_SPRINGER_SPANIEL,0.00778991
266,668113020489474048,http://twitter.com/download/iphone,This is Alfie. He's that one hypocritical gym teacher who made you run laps. Great posture. Cool bench. 6/10,6,Alfie,668113020489474048,,252,676,Nov,2015,https://pbs.twimg.com/media/CUWdPsqWcAERQVv.jpg,PEMBROKE,0.548896,CARDIGAN,0.191101,COLLIE,0.0598141
267,667902449697558528,http://twitter.com/download/iphone,This is Cleopatricia. She is a northern Paperback Maple. Set up hammock somehow. 9/10 would chill in hammock with,9,Cleopatricia,667902449697558528,,385,864,Nov,2015,https://pbs.twimg.com/media/CUTdvAJXIAAMS4q.jpg,NORWEGIAN_ELKHOUND,0.298881,MALAMUTE,0.279479,ESKIMO_DOG,0.198428
268,667886921285246976,http://twitter.com/download/iphone,This is Erik. He's fucken massive. But also kind. Let's people hug him for free. Looks soft. 11/10 I would hug Erik,11,Erik,667886921285246976,,1124,1927,Nov,2015,https://pbs.twimg.com/media/CUTPnPCW4AI7R0y.jpg,POMERANIAN,0.8004319999999999,PEKINESE,0.168445,CHIHUAHUA,0.00894952
269,667544320556335104,http://twitter.com,"This is Kial. Kial is either wearing a cape, which would be rad, or flashing us, which would be rude. 10/10 or 4/10",10,Kial,667544320556335104,,539,881,Nov,2015,https://pbs.twimg.com/media/CUOYBbbWIAAXQGU.jpg,POMERANIAN,0.412893,PEMBROKE,0.312958,CHIHUAHUA,0.0719604
270,667534815156183040,http://twitter.com,"This is Frank (pronounced ""Fronq""). Too many boxing gloves, not enough passion. Frank is a lover not a fighter. 8/10",8,Frank,667534815156183040,,553,832,Nov,2015,https://pbs.twimg.com/media/CUOPYI5UcAAj_nO.jpg,PEMBROKE,0.435254,CARDIGAN,0.30740700000000004,COCKER_SPANIEL,0.0331583
271,667455448082227200,http://twitter.com,This is Reese and Twips. Reese protects Twips. Both think they're too good for seat belts. Simply reckless. 7/10s,7,Reese,667455448082227200,,60,194,Nov,2015,https://pbs.twimg.com/media/CUNHMXTU8AAS3HH.jpg,TIBETAN_TERRIER,0.676376,IRISH_TERRIER,0.054933400000000014,YORKSHIRE_TERRIER,0.0405755
272,667405339315146752,http://twitter.com/download/iphone,This is Biden. Biden just tripped... 7/10,7,Biden,667405339315146752,,222,473,Nov,2015,https://pbs.twimg.com/media/CUMZnmhUEAEbtis.jpg,SAINT_BERNARD,0.381377,LEONBERG,0.127998,GOLDEN_RETRIEVER,0.0693568
273,667393430834667520,http://twitter.com/download/iphone,This is Fwed. He is a Canadian Asian Taylormade. Was having a blast until pink spiky football attacked. 8/10,8,Fwed,667393430834667520,,58,198,Nov,2015,https://pbs.twimg.com/media/CUMOyd3XIAAl13H.jpg,PAPILLON,0.557009,BORDER_COLLIE,0.271963,COLLIE,0.0734729
274,667211855547486208,http://twitter.com/download/iphone,This is Genevieve. She is a golden retriever cocktail mix. Comfortable close to wall. Shows no emotions. 9/10,9,Genevieve,667211855547486208,,245,499,Nov,2015,https://pbs.twimg.com/media/CUJppKJWoAA75NP.jpg,GOLDEN_RETRIEVER,0.462556,LABRADOR_RETRIEVER,0.454937,KUVASZ,0.0241933
275,667200525029539841,http://twitter.com/download/iphone,This is Joshwa. He is a fuckboy supreme. He clearly relies on owner but doesn't respect them. Dreamy eyes tho 11/10,11,Joshwa,667200525029539841,,265,622,Nov,2015,https://pbs.twimg.com/media/CUJfVMPXIAAgbue.jpg,SIBERIAN_HUSKY,0.694904,MALAMUTE,0.232006,ESKIMO_DOG,0.0506351
276,667182792070062081,http://twitter.com/download/iphone,This is Timison. He just told an awful joke but is still hanging on to the hope that you'll laugh with him. 10/10,10,Timison,667182792070062081,,6335,14512,Nov,2015,https://pbs.twimg.com/media/CUJPNjOWsAAZRqP.jpg,GOLDEN_RETRIEVER,0.949892,IRISH_SETTER,0.0105638,CHESAPEAKE_BAY_RETRIEVER,0.00582141
277,667174963120574464,http://twitter.com/download/iphone,"This is Clarence. His face says he doesn't want to be a donkey, but his tail is super pumped about it. 9/10",9,Clarence,667174963120574464,,84,248,Nov,2015,https://pbs.twimg.com/media/CUJIFoJWsAAL3Dc.jpg,TOY_POODLE,0.266437,CHIHUAHUA,0.243223,BLUETICK,0.0728063
278,667160273090932737,http://twitter.com/download/iphone,This is Bradlay. He is a Ronaldinho Matsuyama mix. Can also mountain bike (wow). Loves that blue light lime. 11/10,11,Bradlay,667160273090932737,,62,261,Nov,2015,https://pbs.twimg.com/media/CUI6uuaW4AAvCIs.jpg,GOLDEN_RETRIEVER,0.471351,MINIATURE_POODLE,0.0919921,STANDARD_POODLE,0.08738539999999999
279,667152164079423490,http://twitter.com/download/iphone,This is Pipsy. He is a fluffball. Enjoys traveling the sea &amp; getting tangled in leash. 12/10 I would kill for Pipsy,12,Pipsy,667152164079423490,,17458,48371,Nov,2015,https://pbs.twimg.com/media/CUIzWk_UwAAfUNq.jpg,TOY_POODLE,0.535411,POMERANIAN,0.08754400000000001,MINIATURE_POODLE,0.06205
280,667119796878725120,http://twitter.com/download/iphone,This is Gabe. He is a southern Baklava. Gabe has always wanted to fit in with the other bananas. 10/10 fabulous,10,Gabe,667119796878725120,,128,332,Nov,2015,https://pbs.twimg.com/media/CUIV6F7XIAA1tAM.jpg,PEMBROKE,0.741563,CHIHUAHUA,0.0578659,TOY_POODLE,0.0391251
281,667090893657276420,http://twitter.com/download/iphone,This is Clybe. He is an Anemone Valdez. One ear works. Can look in 2 different directions at once. Tongue slip. 7/10,7,Clybe,667090893657276420,,129,339,Nov,2015,https://pbs.twimg.com/media/CUH7oLuUsAELWib.jpg,CHIHUAHUA,0.959514,ITALIAN_GREYHOUND,0.00537015,POMERANIAN,0.00264133
282,667062181243039745,http://twitter.com/download/iphone,This is Keet. He is a Floridian Amukamara. Absolutely epic propeller hat. Pristine tongue. Nice plaid. 10/10,10,Keet,667062181243039745,,55,220,Nov,2015,https://pbs.twimg.com/media/CUHhgvHUAAA4aB0.jpg,CHESAPEAKE_BAY_RETRIEVER,0.825678,VIZSLA,0.090998,KELPIE,0.0229562
283,666817836334096384,http://twitter.com/download/iphone,This is Jeph. He is a German Boston Shuttlecock. Enjoys couch. Lost body during French Revolution. True hero 9/10,9,Jeph,666817836334096384,,256,524,Nov,2015,https://pbs.twimg.com/media/CUEDSMEWEAAuXVZ.jpg,MINIATURE_SCHNAUZER,0.496953,STANDARD_SCHNAUZER,0.28527600000000003,GIANT_SCHNAUZER,0.07376369999999999
284,666804364988780544,http://twitter.com/download/iphone,This is Jockson. He is a Pinnacle Sagittarius. Fancy bandana. Enjoys lightly sucking on hot dog in nature. 8/10,8,Jockson,666804364988780544,,94,244,Nov,2015,https://pbs.twimg.com/media/CUD3A7YWoAA82N0.jpg,ENGLISH_SETTER,0.32879200000000003,BRITTANY_SPANIEL,0.283545,IBIZAN_HOUND,0.0574615
285,666739327293083650,http://twitter.com/download/iphone,This is Lugan. He is a Bohemian Rhapsody. Very confused dog. Thinks his name is Rocky. Not amused by the snows 10/10,10,Lugan,666739327293083650,,66,239,Nov,2015,https://pbs.twimg.com/media/CUC74aTWoAInZey.jpg,MINIATURE_POODLE,0.546933,COCKER_SPANIEL,0.165255,TOY_POODLE,0.0959589
286,666691418707132416,http://twitter.com/download/iphone,This is Christoper. He is a spotted Penne. Can easily navigate stairs. 8/10,8,Christoper,666691418707132416,,47,190,Nov,2015,https://pbs.twimg.com/media/CUCQTpEWEAA7EDz.jpg,GERMAN_SHEPHERD,0.975401,BEAGLE,0.00868727,BLOODHOUND,0.00539404
287,666454714377183233,http://twitter.com/download/iphone,I'll name the dogs from now on. This is Kreggory. He does parkour. 10/10,10,Kreggory,666454714377183233,,208,521,Nov,2015,https://pbs.twimg.com/media/CT-5Bs-WUAA2JeC.jpg,DALMATIAN,0.278954,LABRADOR_RETRIEVER,0.237612,GREAT_PYRENEES,0.171106
288,666447344410484738,http://twitter.com/download/iphone,This is Scout. She is a black Downton Abbey. Isn't afraid to get dirty. 9/10 nothing bad to say,9,Scout,666447344410484738,,20,105,Nov,2015,https://pbs.twimg.com/media/CT-yU5QWwAEjLX5.jpg,CURLY-COATED_RETRIEVER,0.32208400000000004,GIANT_SCHNAUZER,0.287955,LABRADOR_RETRIEVER,0.166331
